dataset,model,seed,epoch,loss,train_r2,valid_r2,path
ppb,PyG_GAT_h128_e100,44,1,0.9032342744830214,0.0970452126410739,0.0282612118480715,/Users/pradyu/Documents/1_Work/2_Research/DeepChem_ML/Project_1/results/ppb/PyG_GAT_h128_e100/seed44/metrics.json
ppb,PyG_GAT_h128_e100,44,2,0.8627541664941811,0.1847924954825682,0.072319713247268,/Users/pradyu/Documents/1_Work/2_Research/DeepChem_ML/Project_1/results/ppb/PyG_GAT_h128_e100/seed44/metrics.json
ppb,PyG_GAT_h128_e100,44,3,0.8298416632561036,0.1798380917775124,0.0418874660167073,/Users/pradyu/Documents/1_Work/2_Research/DeepChem_ML/Project_1/results/ppb/PyG_GAT_h128_e100/seed44/metrics.json
ppb,PyG_GAT_h128_e100,44,4,0.8097201228877644,0.2364060490502362,0.1523743657927724,/Users/pradyu/Documents/1_Work/2_Research/DeepChem_ML/Project_1/results/ppb/PyG_GAT_h128_e100/seed44/metrics.json
ppb,PyG_GAT_h128_e100,44,5,0.8039199938008814,0.2251783443633109,0.1543445129808733,/Users/pradyu/Documents/1_Work/2_Research/DeepChem_ML/Project_1/results/ppb/PyG_GAT_h128_e100/seed44/metrics.json
ppb,PyG_GAT_h128_e100,44,6,0.7642790853609274,0.1805078435702651,0.0418772219137045,/Users/pradyu/Documents/1_Work/2_Research/DeepChem_ML/Project_1/results/ppb/PyG_GAT_h128_e100/seed44/metrics.json
ppb,PyG_GAT_h128_e100,44,7,0.766126862646621,0.2886329762994412,0.1518475519850416,/Users/pradyu/Documents/1_Work/2_Research/DeepChem_ML/Project_1/results/ppb/PyG_GAT_h128_e100/seed44/metrics.json
ppb,PyG_GAT_h128_e100,44,8,0.7812901595492422,0.3108504246496978,0.1756582368689565,/Users/pradyu/Documents/1_Work/2_Research/DeepChem_ML/Project_1/results/ppb/PyG_GAT_h128_e100/seed44/metrics.json
ppb,PyG_GAT_h128_e100,44,9,0.7401819026764528,0.3118939380981945,0.1857879246229095,/Users/pradyu/Documents/1_Work/2_Research/DeepChem_ML/Project_1/results/ppb/PyG_GAT_h128_e100/seed44/metrics.json
ppb,PyG_GAT_h128_e100,44,10,0.7356997678677241,0.2978535866414615,0.1599326110193072,/Users/pradyu/Documents/1_Work/2_Research/DeepChem_ML/Project_1/results/ppb/PyG_GAT_h128_e100/seed44/metrics.json
ppb,PyG_GAT_h128_e100,44,11,0.740690506166882,0.2814180961606334,0.1550098772859012,/Users/pradyu/Documents/1_Work/2_Research/DeepChem_ML/Project_1/results/ppb/PyG_GAT_h128_e100/seed44/metrics.json
ppb,PyG_GAT_h128_e100,44,12,0.7512283937798606,0.3034715466235475,0.1569279637886039,/Users/pradyu/Documents/1_Work/2_Research/DeepChem_ML/Project_1/results/ppb/PyG_GAT_h128_e100/seed44/metrics.json
ppb,PyG_GAT_h128_e100,44,13,0.6978028758808419,0.2519582014700638,0.0735483367321947,/Users/pradyu/Documents/1_Work/2_Research/DeepChem_ML/Project_1/results/ppb/PyG_GAT_h128_e100/seed44/metrics.json
ppb,PyG_GAT_h128_e100,44,14,0.7268109674806948,0.3172843959914855,0.1763492686536987,/Users/pradyu/Documents/1_Work/2_Research/DeepChem_ML/Project_1/results/ppb/PyG_GAT_h128_e100/seed44/metrics.json
ppb,PyG_GAT_h128_e100,44,15,0.7149638929116873,0.3647009622029549,0.2504428374705389,/Users/pradyu/Documents/1_Work/2_Research/DeepChem_ML/Project_1/results/ppb/PyG_GAT_h128_e100/seed44/metrics.json
ppb,PyG_GAT_h128_e100,44,16,0.7024145308468077,0.1385471960804333,0.0352866720455811,/Users/pradyu/Documents/1_Work/2_Research/DeepChem_ML/Project_1/results/ppb/PyG_GAT_h128_e100/seed44/metrics.json
ppb,PyG_GAT_h128_e100,44,17,0.698550272135087,0.4165678828034045,0.2811462207476273,/Users/pradyu/Documents/1_Work/2_Research/DeepChem_ML/Project_1/results/ppb/PyG_GAT_h128_e100/seed44/metrics.json
ppb,PyG_GAT_h128_e100,44,18,0.6924639136334996,0.3630709881594187,0.2475077719593189,/Users/pradyu/Documents/1_Work/2_Research/DeepChem_ML/Project_1/results/ppb/PyG_GAT_h128_e100/seed44/metrics.json
ppb,PyG_GAT_h128_e100,44,19,0.7011696309955032,0.3543994862226322,0.2233338353752357,/Users/pradyu/Documents/1_Work/2_Research/DeepChem_ML/Project_1/results/ppb/PyG_GAT_h128_e100/seed44/metrics.json
ppb,PyG_GAT_h128_e100,44,20,0.707669188486941,0.3831697240544836,0.2566689725540817,/Users/pradyu/Documents/1_Work/2_Research/DeepChem_ML/Project_1/results/ppb/PyG_GAT_h128_e100/seed44/metrics.json
ppb,PyG_GAT_h128_e100,44,21,0.6910466570177196,0.2866318699147457,0.1326910168993201,/Users/pradyu/Documents/1_Work/2_Research/DeepChem_ML/Project_1/results/ppb/PyG_GAT_h128_e100/seed44/metrics.json
ppb,PyG_GAT_h128_e100,44,22,0.7135331283013026,0.3721761702370472,0.2322659489701369,/Users/pradyu/Documents/1_Work/2_Research/DeepChem_ML/Project_1/results/ppb/PyG_GAT_h128_e100/seed44/metrics.json
ppb,PyG_GAT_h128_e100,44,23,0.681676905280278,0.3742379848955266,0.228016175113485,/Users/pradyu/Documents/1_Work/2_Research/DeepChem_ML/Project_1/results/ppb/PyG_GAT_h128_e100/seed44/metrics.json
ppb,PyG_GAT_h128_e100,44,24,0.6758927296341202,0.3343151613026374,0.1687582761489693,/Users/pradyu/Documents/1_Work/2_Research/DeepChem_ML/Project_1/results/ppb/PyG_GAT_h128_e100/seed44/metrics.json
ppb,PyG_GAT_h128_e100,44,25,0.6750727231487815,0.313443809629366,0.1180527479466966,/Users/pradyu/Documents/1_Work/2_Research/DeepChem_ML/Project_1/results/ppb/PyG_GAT_h128_e100/seed44/metrics.json
ppb,PyG_GAT_h128_e100,44,26,0.6529544899125158,0.4068497516671117,0.230797130006272,/Users/pradyu/Documents/1_Work/2_Research/DeepChem_ML/Project_1/results/ppb/PyG_GAT_h128_e100/seed44/metrics.json
ppb,PyG_GAT_h128_e100,44,27,0.6688066460652116,0.3098338439595073,0.1341070306213151,/Users/pradyu/Documents/1_Work/2_Research/DeepChem_ML/Project_1/results/ppb/PyG_GAT_h128_e100/seed44/metrics.json
ppb,PyG_GAT_h128_e100,44,28,0.6598902983062062,0.1926801009014761,0.040374141253348,/Users/pradyu/Documents/1_Work/2_Research/DeepChem_ML/Project_1/results/ppb/PyG_GAT_h128_e100/seed44/metrics.json
ppb,PyG_GAT_h128_e100,44,29,0.6826560169826319,0.3100480681037052,0.1571143666718003,/Users/pradyu/Documents/1_Work/2_Research/DeepChem_ML/Project_1/results/ppb/PyG_GAT_h128_e100/seed44/metrics.json
ppb,PyG_GAT_h128_e100,44,30,0.6767069158362754,0.3276882175066115,0.1783703820710578,/Users/pradyu/Documents/1_Work/2_Research/DeepChem_ML/Project_1/results/ppb/PyG_GAT_h128_e100/seed44/metrics.json
ppb,PyG_GAT_h128_e100,44,31,0.658875635560648,0.3451048668507074,0.1672109234885825,/Users/pradyu/Documents/1_Work/2_Research/DeepChem_ML/Project_1/results/ppb/PyG_GAT_h128_e100/seed44/metrics.json
ppb,PyG_GAT_h128_e100,44,32,0.6756746237292702,0.2974884842192435,0.1165976959174918,/Users/pradyu/Documents/1_Work/2_Research/DeepChem_ML/Project_1/results/ppb/PyG_GAT_h128_e100/seed44/metrics.json
ppb,PyG_GAT_h128_e100,44,33,0.668890557171386,0.3927302168028929,0.2220441738097892,/Users/pradyu/Documents/1_Work/2_Research/DeepChem_ML/Project_1/results/ppb/PyG_GAT_h128_e100/seed44/metrics.json
ppb,PyG_GAT_h128_e100,44,34,0.6586381596179656,0.3255477720012723,0.1659264889235701,/Users/pradyu/Documents/1_Work/2_Research/DeepChem_ML/Project_1/results/ppb/PyG_GAT_h128_e100/seed44/metrics.json
ppb,PyG_GAT_h128_e100,44,35,0.6643142246721704,0.3916263441343299,0.2325285642463012,/Users/pradyu/Documents/1_Work/2_Research/DeepChem_ML/Project_1/results/ppb/PyG_GAT_h128_e100/seed44/metrics.json
ppb,PyG_GAT_h128_e100,44,36,0.645961457380542,0.3916033248404899,0.2052615950853435,/Users/pradyu/Documents/1_Work/2_Research/DeepChem_ML/Project_1/results/ppb/PyG_GAT_h128_e100/seed44/metrics.json
ppb,PyG_GAT_h128_e100,44,37,0.6519448637594412,0.4001495678088742,0.2150037184197329,/Users/pradyu/Documents/1_Work/2_Research/DeepChem_ML/Project_1/results/ppb/PyG_GAT_h128_e100/seed44/metrics.json
ppb,PyG_GAT_h128_e100,44,38,0.6445800800014425,0.4482493790494676,0.2562101193981158,/Users/pradyu/Documents/1_Work/2_Research/DeepChem_ML/Project_1/results/ppb/PyG_GAT_h128_e100/seed44/metrics.json
ppb,PyG_GAT_h128_e100,44,39,0.6468350232383351,0.315552957875348,0.1122285497677224,/Users/pradyu/Documents/1_Work/2_Research/DeepChem_ML/Project_1/results/ppb/PyG_GAT_h128_e100/seed44/metrics.json
ppb,PyG_GAT_h128_e100,44,40,0.6358988752335678,0.4227702492664865,0.2829906534028946,/Users/pradyu/Documents/1_Work/2_Research/DeepChem_ML/Project_1/results/ppb/PyG_GAT_h128_e100/seed44/metrics.json
ppb,PyG_GAT_h128_e100,44,41,0.6775672895672881,0.4188181768659323,0.2627098749246546,/Users/pradyu/Documents/1_Work/2_Research/DeepChem_ML/Project_1/results/ppb/PyG_GAT_h128_e100/seed44/metrics.json
ppb,PyG_GAT_h128_e100,44,42,0.635370530647996,0.4291645421463548,0.2597696083009208,/Users/pradyu/Documents/1_Work/2_Research/DeepChem_ML/Project_1/results/ppb/PyG_GAT_h128_e100/seed44/metrics.json
ppb,PyG_GAT_h128_e100,44,43,0.6317696924562808,0.3624642679234137,0.2121695395728985,/Users/pradyu/Documents/1_Work/2_Research/DeepChem_ML/Project_1/results/ppb/PyG_GAT_h128_e100/seed44/metrics.json
ppb,PyG_GAT_h128_e100,44,44,0.6408481507757564,0.4206959236387632,0.2770769160581633,/Users/pradyu/Documents/1_Work/2_Research/DeepChem_ML/Project_1/results/ppb/PyG_GAT_h128_e100/seed44/metrics.json
ppb,PyG_GAT_h128_e100,44,45,0.6315347701311111,0.4210628126559202,0.21092411837761,/Users/pradyu/Documents/1_Work/2_Research/DeepChem_ML/Project_1/results/ppb/PyG_GAT_h128_e100/seed44/metrics.json
ppb,PyG_GAT_h128_e100,44,46,0.5988101245444498,0.4323285836772162,0.2255435137395169,/Users/pradyu/Documents/1_Work/2_Research/DeepChem_ML/Project_1/results/ppb/PyG_GAT_h128_e100/seed44/metrics.json
ppb,PyG_GAT_h128_e100,44,47,0.6326298962036768,0.4655756769005609,0.2448070212901044,/Users/pradyu/Documents/1_Work/2_Research/DeepChem_ML/Project_1/results/ppb/PyG_GAT_h128_e100/seed44/metrics.json
ppb,PyG_GAT_h128_e100,44,48,0.6431049798373822,0.3533611909149962,0.1583554505832959,/Users/pradyu/Documents/1_Work/2_Research/DeepChem_ML/Project_1/results/ppb/PyG_GAT_h128_e100/seed44/metrics.json
ppb,PyG_GAT_h128_e100,44,49,0.6407767062385877,0.4250714294223122,0.2178521002978272,/Users/pradyu/Documents/1_Work/2_Research/DeepChem_ML/Project_1/results/ppb/PyG_GAT_h128_e100/seed44/metrics.json
ppb,PyG_GAT_h128_e100,44,50,0.6245294796463884,0.4541818794205586,0.2653896027166675,/Users/pradyu/Documents/1_Work/2_Research/DeepChem_ML/Project_1/results/ppb/PyG_GAT_h128_e100/seed44/metrics.json
ppb,PyG_GAT_h128_e100,44,51,0.6182494579273977,0.350957928022786,0.1414540959912369,/Users/pradyu/Documents/1_Work/2_Research/DeepChem_ML/Project_1/results/ppb/PyG_GAT_h128_e100/seed44/metrics.json
ppb,PyG_GAT_h128_e100,44,52,0.6064442248991978,0.4114844575282549,0.21918970648174,/Users/pradyu/Documents/1_Work/2_Research/DeepChem_ML/Project_1/results/ppb/PyG_GAT_h128_e100/seed44/metrics.json
ppb,PyG_GAT_h128_e100,44,53,0.62268121191013,0.4028676040961435,0.2123902131818985,/Users/pradyu/Documents/1_Work/2_Research/DeepChem_ML/Project_1/results/ppb/PyG_GAT_h128_e100/seed44/metrics.json
ppb,PyG_GAT_h128_e100,44,54,0.6184933483600616,0.4259940214465832,0.1984713090965268,/Users/pradyu/Documents/1_Work/2_Research/DeepChem_ML/Project_1/results/ppb/PyG_GAT_h128_e100/seed44/metrics.json
ppb,PyG_GAT_h128_e100,44,55,0.6179399188653922,0.4390176878865033,0.226784148030517,/Users/pradyu/Documents/1_Work/2_Research/DeepChem_ML/Project_1/results/ppb/PyG_GAT_h128_e100/seed44/metrics.json
ppb,PyG_GAT_h128_e100,44,56,0.6210672678770842,0.4034013307993072,0.1943114459515361,/Users/pradyu/Documents/1_Work/2_Research/DeepChem_ML/Project_1/results/ppb/PyG_GAT_h128_e100/seed44/metrics.json
ppb,PyG_GAT_h128_e100,44,57,0.6159586177931892,0.3333135894825103,0.1075212104458602,/Users/pradyu/Documents/1_Work/2_Research/DeepChem_ML/Project_1/results/ppb/PyG_GAT_h128_e100/seed44/metrics.json
ppb,PyG_GAT_h128_e100,44,58,0.6048201294040975,0.4952565410901473,0.2509649271082388,/Users/pradyu/Documents/1_Work/2_Research/DeepChem_ML/Project_1/results/ppb/PyG_GAT_h128_e100/seed44/metrics.json
ppb,PyG_GAT_h128_e100,44,59,0.5928359430881194,0.4675102977968512,0.2314076112280879,/Users/pradyu/Documents/1_Work/2_Research/DeepChem_ML/Project_1/results/ppb/PyG_GAT_h128_e100/seed44/metrics.json
ppb,PyG_GAT_h128_e100,44,60,0.6181979290681121,0.4477986447919356,0.2200499039875182,/Users/pradyu/Documents/1_Work/2_Research/DeepChem_ML/Project_1/results/ppb/PyG_GAT_h128_e100/seed44/metrics.json
ppb,PyG_GAT_h128_e100,44,61,0.6226265161861608,0.447745532127596,0.2149757905566497,/Users/pradyu/Documents/1_Work/2_Research/DeepChem_ML/Project_1/results/ppb/PyG_GAT_h128_e100/seed44/metrics.json
ppb,PyG_GAT_h128_e100,44,62,0.6341609601621274,0.382949258009632,0.1448019686192474,/Users/pradyu/Documents/1_Work/2_Research/DeepChem_ML/Project_1/results/ppb/PyG_GAT_h128_e100/seed44/metrics.json
ppb,PyG_GAT_h128_e100,44,63,0.6170795580119263,0.4258915068789827,0.2077996580450639,/Users/pradyu/Documents/1_Work/2_Research/DeepChem_ML/Project_1/results/ppb/PyG_GAT_h128_e100/seed44/metrics.json
ppb,PyG_GAT_h128_e100,44,64,0.5941068982636487,0.388488857636614,0.1897050968957732,/Users/pradyu/Documents/1_Work/2_Research/DeepChem_ML/Project_1/results/ppb/PyG_GAT_h128_e100/seed44/metrics.json
ppb,PyG_GAT_h128_e100,44,65,0.6212644426175106,0.510912390410988,0.2758010080776414,/Users/pradyu/Documents/1_Work/2_Research/DeepChem_ML/Project_1/results/ppb/PyG_GAT_h128_e100/seed44/metrics.json
ppb,PyG_GAT_h128_e100,43,1,0.942129284143448,0.0405075575074823,-0.047574771746208,/Users/pradyu/Documents/1_Work/2_Research/DeepChem_ML/Project_1/results/ppb/PyG_GAT_h128_e100/seed43/metrics.json
ppb,PyG_GAT_h128_e100,43,2,0.9007476310671112,0.1316245879157349,0.0446118257482732,/Users/pradyu/Documents/1_Work/2_Research/DeepChem_ML/Project_1/results/ppb/PyG_GAT_h128_e100/seed43/metrics.json
ppb,PyG_GAT_h128_e100,43,3,0.844684350637742,0.2173453411205864,0.1248535118834984,/Users/pradyu/Documents/1_Work/2_Research/DeepChem_ML/Project_1/results/ppb/PyG_GAT_h128_e100/seed43/metrics.json
ppb,PyG_GAT_h128_e100,43,4,0.8279734537189389,0.2050334496320243,0.1097801869330996,/Users/pradyu/Documents/1_Work/2_Research/DeepChem_ML/Project_1/results/ppb/PyG_GAT_h128_e100/seed43/metrics.json
ppb,PyG_GAT_h128_e100,43,5,0.8187783511332524,0.1140087553628036,0.034653403981632,/Users/pradyu/Documents/1_Work/2_Research/DeepChem_ML/Project_1/results/ppb/PyG_GAT_h128_e100/seed43/metrics.json
ppb,PyG_GAT_h128_e100,43,6,0.819253530215334,0.2826086430564613,0.2249527902591181,/Users/pradyu/Documents/1_Work/2_Research/DeepChem_ML/Project_1/results/ppb/PyG_GAT_h128_e100/seed43/metrics.json
ppb,PyG_GAT_h128_e100,43,7,0.7589979666618654,0.2442366964781942,0.1474966167373815,/Users/pradyu/Documents/1_Work/2_Research/DeepChem_ML/Project_1/results/ppb/PyG_GAT_h128_e100/seed43/metrics.json
ppb,PyG_GAT_h128_e100,43,8,0.768844048826047,0.2300273436645232,0.1337859261789341,/Users/pradyu/Documents/1_Work/2_Research/DeepChem_ML/Project_1/results/ppb/PyG_GAT_h128_e100/seed43/metrics.json
ppb,PyG_GAT_h128_e100,43,9,0.7835665970672796,0.2980843645305969,0.1985873177535205,/Users/pradyu/Documents/1_Work/2_Research/DeepChem_ML/Project_1/results/ppb/PyG_GAT_h128_e100/seed43/metrics.json
ppb,PyG_GAT_h128_e100,43,10,0.7556413848091055,0.3057610015358959,0.2185388870096648,/Users/pradyu/Documents/1_Work/2_Research/DeepChem_ML/Project_1/results/ppb/PyG_GAT_h128_e100/seed43/metrics.json
ppb,PyG_GAT_h128_e100,43,11,0.7282356882904782,0.2978229339011522,0.1933601283219269,/Users/pradyu/Documents/1_Work/2_Research/DeepChem_ML/Project_1/results/ppb/PyG_GAT_h128_e100/seed43/metrics.json
ppb,PyG_GAT_h128_e100,43,12,0.7225107911192341,0.285656238874905,0.1801104810414284,/Users/pradyu/Documents/1_Work/2_Research/DeepChem_ML/Project_1/results/ppb/PyG_GAT_h128_e100/seed43/metrics.json
ppb,PyG_GAT_h128_e100,43,13,0.7331106191799964,0.3704324665443315,0.2721052730480646,/Users/pradyu/Documents/1_Work/2_Research/DeepChem_ML/Project_1/results/ppb/PyG_GAT_h128_e100/seed43/metrics.json
ppb,PyG_GAT_h128_e100,43,14,0.7317701123746825,0.1910250209384942,0.0116754223296955,/Users/pradyu/Documents/1_Work/2_Research/DeepChem_ML/Project_1/results/ppb/PyG_GAT_h128_e100/seed43/metrics.json
ppb,PyG_GAT_h128_e100,43,15,0.7154397826503824,0.3335739328686862,0.2394047386289549,/Users/pradyu/Documents/1_Work/2_Research/DeepChem_ML/Project_1/results/ppb/PyG_GAT_h128_e100/seed43/metrics.json
ppb,PyG_GAT_h128_e100,43,16,0.7105416944365442,0.3531808672984775,0.1933557019007534,/Users/pradyu/Documents/1_Work/2_Research/DeepChem_ML/Project_1/results/ppb/PyG_GAT_h128_e100/seed43/metrics.json
ppb,PyG_GAT_h128_e100,43,17,0.7017118557367796,0.3650813449541924,0.16987832756368,/Users/pradyu/Documents/1_Work/2_Research/DeepChem_ML/Project_1/results/ppb/PyG_GAT_h128_e100/seed43/metrics.json
ppb,PyG_GAT_h128_e100,43,18,0.7220867493270356,0.2389372459599554,0.098288827241103,/Users/pradyu/Documents/1_Work/2_Research/DeepChem_ML/Project_1/results/ppb/PyG_GAT_h128_e100/seed43/metrics.json
ppb,PyG_GAT_h128_e100,43,19,0.6980107949103838,0.3575080789815149,0.2246814375961219,/Users/pradyu/Documents/1_Work/2_Research/DeepChem_ML/Project_1/results/ppb/PyG_GAT_h128_e100/seed43/metrics.json
ppb,PyG_GAT_h128_e100,43,20,0.7116592072042418,0.3755810425183596,0.2406278640848786,/Users/pradyu/Documents/1_Work/2_Research/DeepChem_ML/Project_1/results/ppb/PyG_GAT_h128_e100/seed43/metrics.json
ppb,PyG_GAT_h128_e100,43,21,0.7032563171268981,0.3489516782878457,0.1919321136576735,/Users/pradyu/Documents/1_Work/2_Research/DeepChem_ML/Project_1/results/ppb/PyG_GAT_h128_e100/seed43/metrics.json
ppb,PyG_GAT_h128_e100,43,22,0.6993109168093882,0.2557645692751858,0.1466903399016226,/Users/pradyu/Documents/1_Work/2_Research/DeepChem_ML/Project_1/results/ppb/PyG_GAT_h128_e100/seed43/metrics.json
ppb,PyG_GAT_h128_e100,43,23,0.6774963537851969,0.4138640504939371,0.2693454086135752,/Users/pradyu/Documents/1_Work/2_Research/DeepChem_ML/Project_1/results/ppb/PyG_GAT_h128_e100/seed43/metrics.json
ppb,PyG_GAT_h128_e100,43,24,0.6820988883206873,0.4027173180260809,0.2433512828473405,/Users/pradyu/Documents/1_Work/2_Research/DeepChem_ML/Project_1/results/ppb/PyG_GAT_h128_e100/seed43/metrics.json
ppb,PyG_GAT_h128_e100,43,25,0.6758831671358626,0.3185556990777133,0.1835501568870975,/Users/pradyu/Documents/1_Work/2_Research/DeepChem_ML/Project_1/results/ppb/PyG_GAT_h128_e100/seed43/metrics.json
ppb,PyG_GAT_h128_e100,43,26,0.6662198321686851,0.1398162229596582,-0.0611701364494583,/Users/pradyu/Documents/1_Work/2_Research/DeepChem_ML/Project_1/results/ppb/PyG_GAT_h128_e100/seed43/metrics.json
ppb,PyG_GAT_h128_e100,43,27,0.6917003906435437,0.3689379373424202,0.1855829472941617,/Users/pradyu/Documents/1_Work/2_Research/DeepChem_ML/Project_1/results/ppb/PyG_GAT_h128_e100/seed43/metrics.json
ppb,PyG_GAT_h128_e100,43,28,0.657047528727555,0.4249213265958875,0.2600350707881119,/Users/pradyu/Documents/1_Work/2_Research/DeepChem_ML/Project_1/results/ppb/PyG_GAT_h128_e100/seed43/metrics.json
ppb,PyG_GAT_h128_e100,43,29,0.6908349083897508,0.3418880229484938,0.1903344372875999,/Users/pradyu/Documents/1_Work/2_Research/DeepChem_ML/Project_1/results/ppb/PyG_GAT_h128_e100/seed43/metrics.json
ppb,PyG_GAT_h128_e100,43,30,0.6478421089273912,0.310887358014294,0.130990607505405,/Users/pradyu/Documents/1_Work/2_Research/DeepChem_ML/Project_1/results/ppb/PyG_GAT_h128_e100/seed43/metrics.json
ppb,PyG_GAT_h128_e100,43,31,0.6489578704407186,0.3237046770990139,0.1295301838498934,/Users/pradyu/Documents/1_Work/2_Research/DeepChem_ML/Project_1/results/ppb/PyG_GAT_h128_e100/seed43/metrics.json
ppb,PyG_GAT_h128_e100,43,32,0.6739251624654841,0.3745220196945418,0.213444242675874,/Users/pradyu/Documents/1_Work/2_Research/DeepChem_ML/Project_1/results/ppb/PyG_GAT_h128_e100/seed43/metrics.json
ppb,PyG_GAT_h128_e100,43,33,0.6779714877958651,0.4032827661840104,0.2150531093511862,/Users/pradyu/Documents/1_Work/2_Research/DeepChem_ML/Project_1/results/ppb/PyG_GAT_h128_e100/seed43/metrics.json
ppb,PyG_GAT_h128_e100,43,34,0.6562303109669391,0.3620354827960204,0.2150508095479835,/Users/pradyu/Documents/1_Work/2_Research/DeepChem_ML/Project_1/results/ppb/PyG_GAT_h128_e100/seed43/metrics.json
ppb,PyG_GAT_h128_e100,43,35,0.6451326095395618,0.4146856876300879,0.2454785647698922,/Users/pradyu/Documents/1_Work/2_Research/DeepChem_ML/Project_1/results/ppb/PyG_GAT_h128_e100/seed43/metrics.json
ppb,PyG_GAT_h128_e100,43,36,0.6523900422049157,0.4025571174462671,0.2345518537257015,/Users/pradyu/Documents/1_Work/2_Research/DeepChem_ML/Project_1/results/ppb/PyG_GAT_h128_e100/seed43/metrics.json
ppb,PyG_GAT_h128_e100,43,37,0.6546683743780042,0.3878136594797206,0.1882125690261447,/Users/pradyu/Documents/1_Work/2_Research/DeepChem_ML/Project_1/results/ppb/PyG_GAT_h128_e100/seed43/metrics.json
ppb,PyG_GAT_h128_e100,43,38,0.6418597672456576,0.4240825251237574,0.2665244338626492,/Users/pradyu/Documents/1_Work/2_Research/DeepChem_ML/Project_1/results/ppb/PyG_GAT_h128_e100/seed43/metrics.json
ppb,PyG_GAT_h128_e100,42,1,0.9536777036945996,0.1371232231191729,0.1708014620608884,/Users/pradyu/Documents/1_Work/2_Research/DeepChem_ML/Project_1/results/ppb/PyG_GAT_h128_e100/seed42/metrics.json
ppb,PyG_GAT_h128_e100,42,2,0.8654860461630473,0.1614122523732559,0.1120515306851618,/Users/pradyu/Documents/1_Work/2_Research/DeepChem_ML/Project_1/results/ppb/PyG_GAT_h128_e100/seed42/metrics.json
ppb,PyG_GAT_h128_e100,42,3,0.8502825905637044,0.088885723330065,-0.0423773167362766,/Users/pradyu/Documents/1_Work/2_Research/DeepChem_ML/Project_1/results/ppb/PyG_GAT_h128_e100/seed42/metrics.json
ppb,PyG_GAT_h128_e100,42,4,0.8310761251827565,0.2189366300908344,0.0736680703541352,/Users/pradyu/Documents/1_Work/2_Research/DeepChem_ML/Project_1/results/ppb/PyG_GAT_h128_e100/seed42/metrics.json
ppb,PyG_GAT_h128_e100,42,5,0.799586180506683,0.1736155016184497,0.0678563633924937,/Users/pradyu/Documents/1_Work/2_Research/DeepChem_ML/Project_1/results/ppb/PyG_GAT_h128_e100/seed42/metrics.json
ppb,PyG_GAT_h128_e100,42,6,0.7737058539216112,0.1395970700300324,0.0025422043093303,/Users/pradyu/Documents/1_Work/2_Research/DeepChem_ML/Project_1/results/ppb/PyG_GAT_h128_e100/seed42/metrics.json
ppb,PyG_GAT_h128_e100,42,7,0.7665372214666227,0.1721999896066633,0.0359274375211269,/Users/pradyu/Documents/1_Work/2_Research/DeepChem_ML/Project_1/results/ppb/PyG_GAT_h128_e100/seed42/metrics.json
ppb,PyG_GAT_h128_e100,42,8,0.7202889214201671,0.2356432857563778,0.0520755188417645,/Users/pradyu/Documents/1_Work/2_Research/DeepChem_ML/Project_1/results/ppb/PyG_GAT_h128_e100/seed42/metrics.json
ppb,PyG_GAT_h128_e100,42,9,0.7242019245537316,0.0919050339997041,-0.0410149142983453,/Users/pradyu/Documents/1_Work/2_Research/DeepChem_ML/Project_1/results/ppb/PyG_GAT_h128_e100/seed42/metrics.json
ppb,PyG_GAT_h128_e100,42,10,0.7362582254700545,0.3429457062894212,0.1584788018908319,/Users/pradyu/Documents/1_Work/2_Research/DeepChem_ML/Project_1/results/ppb/PyG_GAT_h128_e100/seed42/metrics.json
ppb,PyG_GAT_h128_e100,42,11,0.7231018052595418,0.3444949719752793,0.1486035269215272,/Users/pradyu/Documents/1_Work/2_Research/DeepChem_ML/Project_1/results/ppb/PyG_GAT_h128_e100/seed42/metrics.json
ppb,PyG_GAT_h128_e100,42,12,0.6978024360610218,0.3817719673363886,0.2219288416290982,/Users/pradyu/Documents/1_Work/2_Research/DeepChem_ML/Project_1/results/ppb/PyG_GAT_h128_e100/seed42/metrics.json
ppb,PyG_GAT_h128_e100,42,13,0.7053259560247747,0.3652174933473383,0.1848106293902517,/Users/pradyu/Documents/1_Work/2_Research/DeepChem_ML/Project_1/results/ppb/PyG_GAT_h128_e100/seed42/metrics.json
ppb,PyG_GAT_h128_e100,42,14,0.7343770767130503,0.205666668658113,0.0236162803992764,/Users/pradyu/Documents/1_Work/2_Research/DeepChem_ML/Project_1/results/ppb/PyG_GAT_h128_e100/seed42/metrics.json
ppb,PyG_GAT_h128_e100,42,15,0.659405504784933,0.2885815236393388,0.1051367135776287,/Users/pradyu/Documents/1_Work/2_Research/DeepChem_ML/Project_1/results/ppb/PyG_GAT_h128_e100/seed42/metrics.json
ppb,PyG_GAT_h128_e100,42,16,0.6673574702041906,0.2872938741865858,0.0895181261083041,/Users/pradyu/Documents/1_Work/2_Research/DeepChem_ML/Project_1/results/ppb/PyG_GAT_h128_e100/seed42/metrics.json
ppb,PyG_GAT_h128_e100,42,17,0.6954235917911297,0.3421868372482669,0.1426272598697642,/Users/pradyu/Documents/1_Work/2_Research/DeepChem_ML/Project_1/results/ppb/PyG_GAT_h128_e100/seed42/metrics.json
ppb,PyG_GAT_h128_e100,42,18,0.6714082738248314,0.3659511859385562,0.1669913480603992,/Users/pradyu/Documents/1_Work/2_Research/DeepChem_ML/Project_1/results/ppb/PyG_GAT_h128_e100/seed42/metrics.json
ppb,PyG_GAT_h128_e100,42,19,0.6898764270107921,0.2790281922143518,0.0762162172967608,/Users/pradyu/Documents/1_Work/2_Research/DeepChem_ML/Project_1/results/ppb/PyG_GAT_h128_e100/seed42/metrics.json
ppb,PyG_GAT_h128_e100,42,20,0.661955004785119,0.3346253898768734,0.1238375394645451,/Users/pradyu/Documents/1_Work/2_Research/DeepChem_ML/Project_1/results/ppb/PyG_GAT_h128_e100/seed42/metrics.json
ppb,PyG_GAT_h128_e100,42,21,0.6639476389419742,0.1742879732337563,0.006899417877496,/Users/pradyu/Documents/1_Work/2_Research/DeepChem_ML/Project_1/results/ppb/PyG_GAT_h128_e100/seed42/metrics.json
ppb,PyG_GAT_h128_e100,42,22,0.6830550232311574,0.3782300733338903,0.160443464623772,/Users/pradyu/Documents/1_Work/2_Research/DeepChem_ML/Project_1/results/ppb/PyG_GAT_h128_e100/seed42/metrics.json
ppb,PyG_GAT_h128_e100,42,23,0.6887663094008841,0.4105684238051723,0.1984139051075196,/Users/pradyu/Documents/1_Work/2_Research/DeepChem_ML/Project_1/results/ppb/PyG_GAT_h128_e100/seed42/metrics.json
ppb,PyG_GAT_h128_e100,42,24,0.6520851886853939,0.4110886989351925,0.196841205796031,/Users/pradyu/Documents/1_Work/2_Research/DeepChem_ML/Project_1/results/ppb/PyG_GAT_h128_e100/seed42/metrics.json
ppb,PyG_GAT_h128_e100,42,25,0.6308422190387074,0.3208353304552447,0.1332690925456163,/Users/pradyu/Documents/1_Work/2_Research/DeepChem_ML/Project_1/results/ppb/PyG_GAT_h128_e100/seed42/metrics.json
ppb,PyG_GAT_h128_e100,42,26,0.6452352106571198,0.4408387981599064,0.2365859434492445,/Users/pradyu/Documents/1_Work/2_Research/DeepChem_ML/Project_1/results/ppb/PyG_GAT_h128_e100/seed42/metrics.json
ppb,PyG_GAT_h128_e100,42,27,0.6289782425979289,0.4263767662915447,0.1981588873598302,/Users/pradyu/Documents/1_Work/2_Research/DeepChem_ML/Project_1/results/ppb/PyG_GAT_h128_e100/seed42/metrics.json
ppb,PyG_GAT_h128_e100,42,28,0.6431439722456583,0.3692717193387126,0.1809907805269336,/Users/pradyu/Documents/1_Work/2_Research/DeepChem_ML/Project_1/results/ppb/PyG_GAT_h128_e100/seed42/metrics.json
ppb,PyG_GAT_h128_e100,42,29,0.673619426605178,0.4182474950460627,0.1775850988384039,/Users/pradyu/Documents/1_Work/2_Research/DeepChem_ML/Project_1/results/ppb/PyG_GAT_h128_e100/seed42/metrics.json
ppb,PyG_GAT_h128_e100,42,30,0.6213884927877565,0.4314228907184796,0.1858870290078047,/Users/pradyu/Documents/1_Work/2_Research/DeepChem_ML/Project_1/results/ppb/PyG_GAT_h128_e100/seed42/metrics.json
ppb,PyG_GAT_h128_e100,42,31,0.6120962642314958,0.2792134196807829,0.0697429211899941,/Users/pradyu/Documents/1_Work/2_Research/DeepChem_ML/Project_1/results/ppb/PyG_GAT_h128_e100/seed42/metrics.json
ppb,PyG_GAT_h128_e100,42,32,0.6408134324521553,0.3197227240101322,0.084388965580901,/Users/pradyu/Documents/1_Work/2_Research/DeepChem_ML/Project_1/results/ppb/PyG_GAT_h128_e100/seed42/metrics.json
ppb,PyG_GAT_h128_e100,42,33,0.6590000071176668,0.4892101670320382,0.2663747525590612,/Users/pradyu/Documents/1_Work/2_Research/DeepChem_ML/Project_1/results/ppb/PyG_GAT_h128_e100/seed42/metrics.json
ppb,PyG_GAT_h128_e100,42,34,0.6267610817420773,0.3747171050293633,0.1521400180866652,/Users/pradyu/Documents/1_Work/2_Research/DeepChem_ML/Project_1/results/ppb/PyG_GAT_h128_e100/seed42/metrics.json
ppb,PyG_GAT_h128_e100,42,35,0.6238284009258922,0.4374929887250612,0.2094514128748158,/Users/pradyu/Documents/1_Work/2_Research/DeepChem_ML/Project_1/results/ppb/PyG_GAT_h128_e100/seed42/metrics.json
ppb,PyG_GAT_h128_e100,42,36,0.6355743124717619,0.4461482234175706,0.2086462584112351,/Users/pradyu/Documents/1_Work/2_Research/DeepChem_ML/Project_1/results/ppb/PyG_GAT_h128_e100/seed42/metrics.json
ppb,PyG_GAT_h128_e100,42,37,0.6154030605060298,0.4696864302255222,0.2345739129314858,/Users/pradyu/Documents/1_Work/2_Research/DeepChem_ML/Project_1/results/ppb/PyG_GAT_h128_e100/seed42/metrics.json
ppb,PyG_GAT_h128_e100,42,38,0.612515959434393,0.4539952504029136,0.1923018649676319,/Users/pradyu/Documents/1_Work/2_Research/DeepChem_ML/Project_1/results/ppb/PyG_GAT_h128_e100/seed42/metrics.json
ppb,PyG_GAT_h128_e100,42,39,0.617326458779777,0.4387391130073583,0.217408467508403,/Users/pradyu/Documents/1_Work/2_Research/DeepChem_ML/Project_1/results/ppb/PyG_GAT_h128_e100/seed42/metrics.json
ppb,PyG_GAT_h128_e100,42,40,0.6206979664360605,0.4981674833394853,0.2738524103873377,/Users/pradyu/Documents/1_Work/2_Research/DeepChem_ML/Project_1/results/ppb/PyG_GAT_h128_e100/seed42/metrics.json
ppb,PyG_GAT_h128_e100,42,41,0.6101417297997126,0.3956938954602035,0.1936639787175279,/Users/pradyu/Documents/1_Work/2_Research/DeepChem_ML/Project_1/results/ppb/PyG_GAT_h128_e100/seed42/metrics.json
ppb,PyG_GAT_h128_e100,42,42,0.6309871986144926,0.4331827618978658,0.1936466798700511,/Users/pradyu/Documents/1_Work/2_Research/DeepChem_ML/Project_1/results/ppb/PyG_GAT_h128_e100/seed42/metrics.json
ppb,PyG_GAT_h128_e100,42,43,0.611498228297001,0.3975929962477214,0.1654523975764091,/Users/pradyu/Documents/1_Work/2_Research/DeepChem_ML/Project_1/results/ppb/PyG_GAT_h128_e100/seed42/metrics.json
ppb,PyG_GAT_h128_e100,42,44,0.6093925542947722,0.3503254189930979,0.1422433123738338,/Users/pradyu/Documents/1_Work/2_Research/DeepChem_ML/Project_1/results/ppb/PyG_GAT_h128_e100/seed42/metrics.json
ppb,PyG_GAT_h128_e100,42,45,0.6178865323706371,0.4131845275355614,0.1847819225977706,/Users/pradyu/Documents/1_Work/2_Research/DeepChem_ML/Project_1/results/ppb/PyG_GAT_h128_e100/seed42/metrics.json
ppb,PyG_GAT_h128_e100,42,46,0.5803320269759108,0.4172433707775804,0.1553112340308546,/Users/pradyu/Documents/1_Work/2_Research/DeepChem_ML/Project_1/results/ppb/PyG_GAT_h128_e100/seed42/metrics.json
ppb,PyG_GAT_h128_e100,42,47,0.601556684185819,0.4843221375736458,0.2871367471511047,/Users/pradyu/Documents/1_Work/2_Research/DeepChem_ML/Project_1/results/ppb/PyG_GAT_h128_e100/seed42/metrics.json
ppb,PyG_GAT_h128_e100,42,48,0.6156087677653242,0.3789777127577243,0.1396752080995892,/Users/pradyu/Documents/1_Work/2_Research/DeepChem_ML/Project_1/results/ppb/PyG_GAT_h128_e100/seed42/metrics.json
ppb,PyG_GAT_h128_e100,42,49,0.5972020349851469,0.4127767539547833,0.1755957328821915,/Users/pradyu/Documents/1_Work/2_Research/DeepChem_ML/Project_1/results/ppb/PyG_GAT_h128_e100/seed42/metrics.json
ppb,PyG_GAT_h128_e100,42,50,0.6299115819175068,0.438238198240739,0.1970877582014806,/Users/pradyu/Documents/1_Work/2_Research/DeepChem_ML/Project_1/results/ppb/PyG_GAT_h128_e100/seed42/metrics.json
ppb,PyG_GAT_h128_e100,42,51,0.6114377343073124,0.4157219987435867,0.1758196222857794,/Users/pradyu/Documents/1_Work/2_Research/DeepChem_ML/Project_1/results/ppb/PyG_GAT_h128_e100/seed42/metrics.json
ppb,PyG_GAT_h128_e100,42,52,0.6265585564258622,0.4070386246647075,0.1444005212097677,/Users/pradyu/Documents/1_Work/2_Research/DeepChem_ML/Project_1/results/ppb/PyG_GAT_h128_e100/seed42/metrics.json
ppb,PyG_GAT_h128_e100,42,53,0.6005699169345018,0.4188675595281748,0.1764723930898571,/Users/pradyu/Documents/1_Work/2_Research/DeepChem_ML/Project_1/results/ppb/PyG_GAT_h128_e100/seed42/metrics.json
ppb,PyG_GAT_h128_e100,42,54,0.5991711601978396,0.5157673425139069,0.3041423659178526,/Users/pradyu/Documents/1_Work/2_Research/DeepChem_ML/Project_1/results/ppb/PyG_GAT_h128_e100/seed42/metrics.json
ppb,PyG_GAT_h128_e100,42,55,0.5903838778414378,0.4272252308120691,0.1730595894455258,/Users/pradyu/Documents/1_Work/2_Research/DeepChem_ML/Project_1/results/ppb/PyG_GAT_h128_e100/seed42/metrics.json
ppb,PyG_GAT_h128_e100,42,56,0.5958060611311983,0.3080858167544326,0.0365287919658638,/Users/pradyu/Documents/1_Work/2_Research/DeepChem_ML/Project_1/results/ppb/PyG_GAT_h128_e100/seed42/metrics.json
ppb,PyG_GAT_h128_e100,42,57,0.6316016701663413,0.4443606016118705,0.2077794885730987,/Users/pradyu/Documents/1_Work/2_Research/DeepChem_ML/Project_1/results/ppb/PyG_GAT_h128_e100/seed42/metrics.json
ppb,PyG_GAT_h128_e100,42,58,0.593596512951502,0.3869521265940482,0.1289222959757239,/Users/pradyu/Documents/1_Work/2_Research/DeepChem_ML/Project_1/results/ppb/PyG_GAT_h128_e100/seed42/metrics.json
ppb,PyG_GAT_h128_e100,42,59,0.5758300002028303,0.4631216540170907,0.1917926055394272,/Users/pradyu/Documents/1_Work/2_Research/DeepChem_ML/Project_1/results/ppb/PyG_GAT_h128_e100/seed42/metrics.json
ppb,PyG_GAT_h128_e100,42,60,0.6054460144624477,0.3520468651637001,0.1231667676854224,/Users/pradyu/Documents/1_Work/2_Research/DeepChem_ML/Project_1/results/ppb/PyG_GAT_h128_e100/seed42/metrics.json
ppb,PyG_GAT_h128_e100,42,61,0.5867180758860053,0.3513459671464136,0.1098136605997294,/Users/pradyu/Documents/1_Work/2_Research/DeepChem_ML/Project_1/results/ppb/PyG_GAT_h128_e100/seed42/metrics.json
ppb,PyG_GAT_h128_e100,42,62,0.5655797799912895,0.5125466785196265,0.2582054545576028,/Users/pradyu/Documents/1_Work/2_Research/DeepChem_ML/Project_1/results/ppb/PyG_GAT_h128_e100/seed42/metrics.json
ppb,PyG_GAT_h128_e100,42,63,0.5785892994665518,0.4466746024367404,0.2115561304647153,/Users/pradyu/Documents/1_Work/2_Research/DeepChem_ML/Project_1/results/ppb/PyG_GAT_h128_e100/seed42/metrics.json
ppb,PyG_GAT_h128_e100,42,64,0.580580646308457,0.3948660526923203,0.1494631113494768,/Users/pradyu/Documents/1_Work/2_Research/DeepChem_ML/Project_1/results/ppb/PyG_GAT_h128_e100/seed42/metrics.json
ppb,PyG_GAT_h128_e100,42,65,0.5517890009938217,0.4289053811559395,0.2057932127411765,/Users/pradyu/Documents/1_Work/2_Research/DeepChem_ML/Project_1/results/ppb/PyG_GAT_h128_e100/seed42/metrics.json
ppb,PyG_GAT_h128_e100,42,66,0.5981110312589785,0.5243521807262244,0.2721570145082425,/Users/pradyu/Documents/1_Work/2_Research/DeepChem_ML/Project_1/results/ppb/PyG_GAT_h128_e100/seed42/metrics.json
ppb,PyG_GAT_h128_e100,42,67,0.5776416006975058,0.4862573933886784,0.2207207014192874,/Users/pradyu/Documents/1_Work/2_Research/DeepChem_ML/Project_1/results/ppb/PyG_GAT_h128_e100/seed42/metrics.json
ppb,PyG_GAT_h128_e100,42,68,0.5562274408776585,0.3910659811800172,0.1424005280666922,/Users/pradyu/Documents/1_Work/2_Research/DeepChem_ML/Project_1/results/ppb/PyG_GAT_h128_e100/seed42/metrics.json
ppb,PyG_GAT_h128_e100,42,69,0.5722414927511681,0.439760069855039,0.1905973305982554,/Users/pradyu/Documents/1_Work/2_Research/DeepChem_ML/Project_1/results/ppb/PyG_GAT_h128_e100/seed42/metrics.json
ppb,PyG_GAT_h128_e100,42,70,0.5591812395467991,0.5203597499938597,0.2944230555787495,/Users/pradyu/Documents/1_Work/2_Research/DeepChem_ML/Project_1/results/ppb/PyG_GAT_h128_e100/seed42/metrics.json
ppb,PyG_GAT_h128_e100,42,71,0.6024398829151945,0.4334604407166803,0.176544943872814,/Users/pradyu/Documents/1_Work/2_Research/DeepChem_ML/Project_1/results/ppb/PyG_GAT_h128_e100/seed42/metrics.json
ppb,PyG_GAT_h128_e100,42,72,0.56150918108661,0.5122573637371706,0.2406675049169585,/Users/pradyu/Documents/1_Work/2_Research/DeepChem_ML/Project_1/results/ppb/PyG_GAT_h128_e100/seed42/metrics.json
ppb,PyG_GAT_h128_e100,42,73,0.5603775767291465,0.5140614697010273,0.2698029026449963,/Users/pradyu/Documents/1_Work/2_Research/DeepChem_ML/Project_1/results/ppb/PyG_GAT_h128_e100/seed42/metrics.json
ppb,PyG_GAT_h128_e100,42,74,0.5758529948752101,0.5245752164405215,0.2746805844571521,/Users/pradyu/Documents/1_Work/2_Research/DeepChem_ML/Project_1/results/ppb/PyG_GAT_h128_e100/seed42/metrics.json
ppb,PyG_GAT_h128_e100,42,75,0.5835153765794707,0.4993943993523851,0.27085130291021,/Users/pradyu/Documents/1_Work/2_Research/DeepChem_ML/Project_1/results/ppb/PyG_GAT_h128_e100/seed42/metrics.json
ppb,PyG_GAT_h128_e100,42,76,0.6237379814066538,0.4595353231007261,0.2189300690322859,/Users/pradyu/Documents/1_Work/2_Research/DeepChem_ML/Project_1/results/ppb/PyG_GAT_h128_e100/seed42/metrics.json
ppb,PyG_GAT_h128_e100,42,77,0.5744241207111173,0.5445811200592798,0.29692588642002,/Users/pradyu/Documents/1_Work/2_Research/DeepChem_ML/Project_1/results/ppb/PyG_GAT_h128_e100/seed42/metrics.json
ppb,PyG_GAT_h128_e100,42,78,0.5782738644175414,0.5493453441532119,0.2890984203895688,/Users/pradyu/Documents/1_Work/2_Research/DeepChem_ML/Project_1/results/ppb/PyG_GAT_h128_e100/seed42/metrics.json
ppb,PyG_GAT_h128_e100,42,79,0.5842312821527806,0.5295316073287909,0.2583469172516818,/Users/pradyu/Documents/1_Work/2_Research/DeepChem_ML/Project_1/results/ppb/PyG_GAT_h128_e100/seed42/metrics.json
ppb,Multimodal_ChemBERTa_GIN_e20,44,1,0.8885678753808692,0.2153207378510471,0.1825636962867142,/Users/pradyu/Documents/1_Work/2_Research/DeepChem_ML/Project_1/results/ppb/Multimodal_ChemBERTa_GIN_e20/seed44/metrics.json
ppb,Multimodal_ChemBERTa_GIN_e20,44,2,0.7508613693493383,0.3369291756172188,0.307818212782787,/Users/pradyu/Documents/1_Work/2_Research/DeepChem_ML/Project_1/results/ppb/Multimodal_ChemBERTa_GIN_e20/seed44/metrics.json
ppb,Multimodal_ChemBERTa_GIN_e20,44,3,0.7128297603792615,0.5039264484687307,0.3687874939588343,/Users/pradyu/Documents/1_Work/2_Research/DeepChem_ML/Project_1/results/ppb/Multimodal_ChemBERTa_GIN_e20/seed44/metrics.json
ppb,Multimodal_ChemBERTa_GIN_e20,44,4,0.5992917674191204,-0.2617169444933802,-0.3354063596450405,/Users/pradyu/Documents/1_Work/2_Research/DeepChem_ML/Project_1/results/ppb/Multimodal_ChemBERTa_GIN_e20/seed44/metrics.json
ppb,Multimodal_ChemBERTa_GIN_e20,44,5,0.5590287121357741,0.6404629011276712,0.4669703551045397,/Users/pradyu/Documents/1_Work/2_Research/DeepChem_ML/Project_1/results/ppb/Multimodal_ChemBERTa_GIN_e20/seed44/metrics.json
ppb,Multimodal_ChemBERTa_GIN_e20,44,6,0.4557979160712825,0.6419702748844149,0.3576079510002176,/Users/pradyu/Documents/1_Work/2_Research/DeepChem_ML/Project_1/results/ppb/Multimodal_ChemBERTa_GIN_e20/seed44/metrics.json
ppb,Multimodal_ChemBERTa_GIN_e20,44,7,0.3799527936879499,0.6676561191784847,0.3757601858874543,/Users/pradyu/Documents/1_Work/2_Research/DeepChem_ML/Project_1/results/ppb/Multimodal_ChemBERTa_GIN_e20/seed44/metrics.json
ppb,Multimodal_ChemBERTa_GIN_e20,44,8,0.3227716443347342,0.8066187016805759,0.4366011669771656,/Users/pradyu/Documents/1_Work/2_Research/DeepChem_ML/Project_1/results/ppb/Multimodal_ChemBERTa_GIN_e20/seed44/metrics.json
ppb,Multimodal_ChemBERTa_GIN_e20,44,9,0.2865304440535881,0.8366647561679584,0.3970837771763347,/Users/pradyu/Documents/1_Work/2_Research/DeepChem_ML/Project_1/results/ppb/Multimodal_ChemBERTa_GIN_e20/seed44/metrics.json
ppb,Multimodal_ChemBERTa_GIN_e20,44,10,0.2773213512091725,0.8439477488053979,0.4051019061077567,/Users/pradyu/Documents/1_Work/2_Research/DeepChem_ML/Project_1/results/ppb/Multimodal_ChemBERTa_GIN_e20/seed44/metrics.json
ppb,Multimodal_ChemBERTa_GIN_e20,44,11,0.2268836133090066,0.8569523242207016,0.36567272732717,/Users/pradyu/Documents/1_Work/2_Research/DeepChem_ML/Project_1/results/ppb/Multimodal_ChemBERTa_GIN_e20/seed44/metrics.json
ppb,Multimodal_ChemBERTa_GIN_e20,44,12,0.226583996258768,0.8461165792578137,0.4033393250199857,/Users/pradyu/Documents/1_Work/2_Research/DeepChem_ML/Project_1/results/ppb/Multimodal_ChemBERTa_GIN_e20/seed44/metrics.json
ppb,Multimodal_ChemBERTa_GIN_e20,44,13,0.1902776067547592,0.8679790993207414,0.3090713776628759,/Users/pradyu/Documents/1_Work/2_Research/DeepChem_ML/Project_1/results/ppb/Multimodal_ChemBERTa_GIN_e20/seed44/metrics.json
ppb,Multimodal_ChemBERTa_GIN_e20,44,14,0.179574313585037,0.8940854760567283,0.4119746254636965,/Users/pradyu/Documents/1_Work/2_Research/DeepChem_ML/Project_1/results/ppb/Multimodal_ChemBERTa_GIN_e20/seed44/metrics.json
ppb,Multimodal_ChemBERTa_GIN_e20,44,15,0.1690025398576701,0.8319267138262145,0.3716103115522121,/Users/pradyu/Documents/1_Work/2_Research/DeepChem_ML/Project_1/results/ppb/Multimodal_ChemBERTa_GIN_e20/seed44/metrics.json
ppb,Multimodal_ChemBERTa_GIN_e20,44,16,0.1605857002468388,0.8845163213170879,0.3617277971790374,/Users/pradyu/Documents/1_Work/2_Research/DeepChem_ML/Project_1/results/ppb/Multimodal_ChemBERTa_GIN_e20/seed44/metrics.json
ppb,Multimodal_ChemBERTa_GIN_e20,44,17,0.1499134831958347,0.903632093102436,0.3848080336472488,/Users/pradyu/Documents/1_Work/2_Research/DeepChem_ML/Project_1/results/ppb/Multimodal_ChemBERTa_GIN_e20/seed44/metrics.json
ppb,Multimodal_ChemBERTa_GIN_e20,44,18,0.1478653922447084,0.9120230567556408,0.3702265360220897,/Users/pradyu/Documents/1_Work/2_Research/DeepChem_ML/Project_1/results/ppb/Multimodal_ChemBERTa_GIN_e20/seed44/metrics.json
ppb,Multimodal_ChemBERTa_GIN_e20,44,19,0.1314337902047016,0.9043619979945988,0.3298924246595253,/Users/pradyu/Documents/1_Work/2_Research/DeepChem_ML/Project_1/results/ppb/Multimodal_ChemBERTa_GIN_e20/seed44/metrics.json
ppb,Multimodal_ChemBERTa_GIN_e20,44,20,0.1366794599611082,0.9149045823188776,0.4215424754642304,/Users/pradyu/Documents/1_Work/2_Research/DeepChem_ML/Project_1/results/ppb/Multimodal_ChemBERTa_GIN_e20/seed44/metrics.json
ppb,Multimodal_ChemBERTa_GIN_e20,43,1,0.909028274041635,0.1673253717016883,0.0988345201563853,/Users/pradyu/Documents/1_Work/2_Research/DeepChem_ML/Project_1/results/ppb/Multimodal_ChemBERTa_GIN_e20/seed43/metrics.json
ppb,Multimodal_ChemBERTa_GIN_e20,43,2,0.7850720394908646,0.2989169955241351,0.3173370452210755,/Users/pradyu/Documents/1_Work/2_Research/DeepChem_ML/Project_1/results/ppb/Multimodal_ChemBERTa_GIN_e20/seed43/metrics.json
ppb,Multimodal_ChemBERTa_GIN_e20,43,3,0.7371735063232021,0.4434576326924406,0.3028427562956336,/Users/pradyu/Documents/1_Work/2_Research/DeepChem_ML/Project_1/results/ppb/Multimodal_ChemBERTa_GIN_e20/seed43/metrics.json
ppb,Multimodal_ChemBERTa_GIN_e20,43,4,0.595440855824653,0.5409701463125995,0.3429978791908222,/Users/pradyu/Documents/1_Work/2_Research/DeepChem_ML/Project_1/results/ppb/Multimodal_ChemBERTa_GIN_e20/seed43/metrics.json
ppb,Multimodal_ChemBERTa_GIN_e20,43,5,0.5231296819301299,0.6184284072831863,0.3556800382032654,/Users/pradyu/Documents/1_Work/2_Research/DeepChem_ML/Project_1/results/ppb/Multimodal_ChemBERTa_GIN_e20/seed43/metrics.json
ppb,Multimodal_ChemBERTa_GIN_e20,43,6,0.4470045646583592,0.7315509439135752,0.3741755077544341,/Users/pradyu/Documents/1_Work/2_Research/DeepChem_ML/Project_1/results/ppb/Multimodal_ChemBERTa_GIN_e20/seed43/metrics.json
ppb,Multimodal_ChemBERTa_GIN_e20,43,7,0.3834623859988318,0.7570289121575511,0.4252561771338444,/Users/pradyu/Documents/1_Work/2_Research/DeepChem_ML/Project_1/results/ppb/Multimodal_ChemBERTa_GIN_e20/seed43/metrics.json
ppb,Multimodal_ChemBERTa_GIN_e20,43,8,0.3351308834957487,0.7257134587450644,0.416083949822545,/Users/pradyu/Documents/1_Work/2_Research/DeepChem_ML/Project_1/results/ppb/Multimodal_ChemBERTa_GIN_e20/seed43/metrics.json
ppb,Multimodal_ChemBERTa_GIN_e20,43,9,0.3051250106942506,0.8170368623602462,0.4119384880126562,/Users/pradyu/Documents/1_Work/2_Research/DeepChem_ML/Project_1/results/ppb/Multimodal_ChemBERTa_GIN_e20/seed43/metrics.json
ppb,Multimodal_ChemBERTa_GIN_e20,43,10,0.292193401650882,0.8497603224778049,0.4588978122453179,/Users/pradyu/Documents/1_Work/2_Research/DeepChem_ML/Project_1/results/ppb/Multimodal_ChemBERTa_GIN_e20/seed43/metrics.json
ppb,Multimodal_ChemBERTa_GIN_e20,43,11,0.244410642641194,0.8261583279768627,0.4384344194681685,/Users/pradyu/Documents/1_Work/2_Research/DeepChem_ML/Project_1/results/ppb/Multimodal_ChemBERTa_GIN_e20/seed43/metrics.json
ppb,Multimodal_ChemBERTa_GIN_e20,43,12,0.2282022288827984,0.8643249381711597,0.4307269387144826,/Users/pradyu/Documents/1_Work/2_Research/DeepChem_ML/Project_1/results/ppb/Multimodal_ChemBERTa_GIN_e20/seed43/metrics.json
ppb,Multimodal_ChemBERTa_GIN_e20,43,13,0.2057578853434986,0.8637684470335105,0.4307415490098982,/Users/pradyu/Documents/1_Work/2_Research/DeepChem_ML/Project_1/results/ppb/Multimodal_ChemBERTa_GIN_e20/seed43/metrics.json
ppb,Multimodal_ChemBERTa_GIN_e20,43,14,0.1893133620881004,0.8563432793422296,0.3873852276204066,/Users/pradyu/Documents/1_Work/2_Research/DeepChem_ML/Project_1/results/ppb/Multimodal_ChemBERTa_GIN_e20/seed43/metrics.json
ppb,Multimodal_ChemBERTa_GIN_e20,43,15,0.172974393369607,0.8861948494022576,0.3882395687469891,/Users/pradyu/Documents/1_Work/2_Research/DeepChem_ML/Project_1/results/ppb/Multimodal_ChemBERTa_GIN_e20/seed43/metrics.json
ppb,Multimodal_ChemBERTa_GIN_e20,43,16,0.1639719704786936,0.9097159945843686,0.4298647306928683,/Users/pradyu/Documents/1_Work/2_Research/DeepChem_ML/Project_1/results/ppb/Multimodal_ChemBERTa_GIN_e20/seed43/metrics.json
ppb,Multimodal_ChemBERTa_GIN_e20,43,17,0.1709356055031588,0.9031486355691388,0.3509648779671789,/Users/pradyu/Documents/1_Work/2_Research/DeepChem_ML/Project_1/results/ppb/Multimodal_ChemBERTa_GIN_e20/seed43/metrics.json
ppb,Multimodal_ChemBERTa_GIN_e20,43,18,0.1543206454565127,0.8446055165909299,0.3526706260428267,/Users/pradyu/Documents/1_Work/2_Research/DeepChem_ML/Project_1/results/ppb/Multimodal_ChemBERTa_GIN_e20/seed43/metrics.json
ppb,Multimodal_ChemBERTa_GIN_e20,43,19,0.1514385533921512,0.912696967963872,0.4025675566129075,/Users/pradyu/Documents/1_Work/2_Research/DeepChem_ML/Project_1/results/ppb/Multimodal_ChemBERTa_GIN_e20/seed43/metrics.json
ppb,Multimodal_ChemBERTa_GIN_e20,43,20,0.1369404888907332,0.9141323207646253,0.3508833309245175,/Users/pradyu/Documents/1_Work/2_Research/DeepChem_ML/Project_1/results/ppb/Multimodal_ChemBERTa_GIN_e20/seed43/metrics.json
ppb,Multimodal_ChemBERTa_GIN_e20,42,1,0.898344925708241,0.1845374586349539,0.2046023914981749,/Users/pradyu/Documents/1_Work/2_Research/DeepChem_ML/Project_1/results/ppb/Multimodal_ChemBERTa_GIN_e20/seed42/metrics.json
ppb,Multimodal_ChemBERTa_GIN_e20,42,2,0.7624214206948693,0.3451705019381489,0.352631617156162,/Users/pradyu/Documents/1_Work/2_Research/DeepChem_ML/Project_1/results/ppb/Multimodal_ChemBERTa_GIN_e20/seed42/metrics.json
ppb,Multimodal_ChemBERTa_GIN_e20,42,3,0.7089452848390296,0.3890155909222162,0.3040402837167232,/Users/pradyu/Documents/1_Work/2_Research/DeepChem_ML/Project_1/results/ppb/Multimodal_ChemBERTa_GIN_e20/seed42/metrics.json
ppb,Multimodal_ChemBERTa_GIN_e20,42,4,0.6103155763796818,0.5437476612616807,0.4331785435880643,/Users/pradyu/Documents/1_Work/2_Research/DeepChem_ML/Project_1/results/ppb/Multimodal_ChemBERTa_GIN_e20/seed42/metrics.json
ppb,Multimodal_ChemBERTa_GIN_e20,42,5,0.5147295045999833,0.658042715636236,0.3304505010859875,/Users/pradyu/Documents/1_Work/2_Research/DeepChem_ML/Project_1/results/ppb/Multimodal_ChemBERTa_GIN_e20/seed42/metrics.json
ppb,Multimodal_ChemBERTa_GIN_e20,42,6,0.4292419404711252,0.7128901186422127,0.4085145965966006,/Users/pradyu/Documents/1_Work/2_Research/DeepChem_ML/Project_1/results/ppb/Multimodal_ChemBERTa_GIN_e20/seed42/metrics.json
ppb,Multimodal_ChemBERTa_GIN_e20,42,7,0.3607124788801611,0.7491088159054298,0.3523129811010964,/Users/pradyu/Documents/1_Work/2_Research/DeepChem_ML/Project_1/results/ppb/Multimodal_ChemBERTa_GIN_e20/seed42/metrics.json
ppb,Multimodal_ChemBERTa_GIN_e20,42,8,0.3183436985185117,0.777993411268209,0.4447291610345582,/Users/pradyu/Documents/1_Work/2_Research/DeepChem_ML/Project_1/results/ppb/Multimodal_ChemBERTa_GIN_e20/seed42/metrics.json
ppb,Multimodal_ChemBERTa_GIN_e20,42,9,0.2823488342541235,0.7844990976088598,0.3819956171224015,/Users/pradyu/Documents/1_Work/2_Research/DeepChem_ML/Project_1/results/ppb/Multimodal_ChemBERTa_GIN_e20/seed42/metrics.json
ppb,Multimodal_ChemBERTa_GIN_e20,42,10,0.2425305629034101,0.8266886418385734,0.4221679080700148,/Users/pradyu/Documents/1_Work/2_Research/DeepChem_ML/Project_1/results/ppb/Multimodal_ChemBERTa_GIN_e20/seed42/metrics.json
ppb,Multimodal_ChemBERTa_GIN_e20,42,11,0.2281287740226145,0.8203527898058358,0.3989794016119261,/Users/pradyu/Documents/1_Work/2_Research/DeepChem_ML/Project_1/results/ppb/Multimodal_ChemBERTa_GIN_e20/seed42/metrics.json
ppb,Multimodal_ChemBERTa_GIN_e20,42,12,0.2092646687395042,0.8363329010962632,0.3655342185620825,/Users/pradyu/Documents/1_Work/2_Research/DeepChem_ML/Project_1/results/ppb/Multimodal_ChemBERTa_GIN_e20/seed42/metrics.json
ppb,Multimodal_ChemBERTa_GIN_e20,42,13,0.2057283015714751,0.8883659279984243,0.409196280689124,/Users/pradyu/Documents/1_Work/2_Research/DeepChem_ML/Project_1/results/ppb/Multimodal_ChemBERTa_GIN_e20/seed42/metrics.json
ppb,Multimodal_ChemBERTa_GIN_e20,42,14,0.1839328199900962,0.8743623219285632,0.4034569082673689,/Users/pradyu/Documents/1_Work/2_Research/DeepChem_ML/Project_1/results/ppb/Multimodal_ChemBERTa_GIN_e20/seed42/metrics.json
ppb,Multimodal_ChemBERTa_GIN_e20,42,15,0.1834862548168059,0.8524986422205358,0.383725626726786,/Users/pradyu/Documents/1_Work/2_Research/DeepChem_ML/Project_1/results/ppb/Multimodal_ChemBERTa_GIN_e20/seed42/metrics.json
ppb,Multimodal_ChemBERTa_GIN_e20,42,16,0.1612657679037915,0.8800327440297246,0.4230208164948298,/Users/pradyu/Documents/1_Work/2_Research/DeepChem_ML/Project_1/results/ppb/Multimodal_ChemBERTa_GIN_e20/seed42/metrics.json
ppb,Multimodal_ChemBERTa_GIN_e20,42,17,0.1548584024479359,0.5193013449455159,0.1502789433982255,/Users/pradyu/Documents/1_Work/2_Research/DeepChem_ML/Project_1/results/ppb/Multimodal_ChemBERTa_GIN_e20/seed42/metrics.json
ppb,Multimodal_ChemBERTa_GIN_e20,42,18,0.1757988869500013,0.9030254802464988,0.4682113501072684,/Users/pradyu/Documents/1_Work/2_Research/DeepChem_ML/Project_1/results/ppb/Multimodal_ChemBERTa_GIN_e20/seed42/metrics.json
ppb,Multimodal_ChemBERTa_GIN_e20,42,19,0.1414876089741786,0.9129693029357352,0.4572459480288275,/Users/pradyu/Documents/1_Work/2_Research/DeepChem_ML/Project_1/results/ppb/Multimodal_ChemBERTa_GIN_e20/seed42/metrics.json
ppb,Multimodal_ChemBERTa_GIN_e20,42,20,0.161305891326916,0.91038078638767,0.4720602336725296,/Users/pradyu/Documents/1_Work/2_Research/DeepChem_ML/Project_1/results/ppb/Multimodal_ChemBERTa_GIN_e20/seed42/metrics.json
ppb,ChemBERTa_zinc_base_v1,42,1,0.9438485935514356,0.2717764853365839,0.1288442308977696,/Users/pradyu/Documents/1_Work/2_Research/DeepChem_ML/Project_1/results/ppb/ChemBERTa_zinc_base_v1/seed42/metrics.json
ppb,ChemBERTa_zinc_base_v1,42,2,0.7121118594098974,0.506704701669692,0.2760835779832613,/Users/pradyu/Documents/1_Work/2_Research/DeepChem_ML/Project_1/results/ppb/ChemBERTa_zinc_base_v1/seed42/metrics.json
ppb,ChemBERTa_zinc_base_v1,42,3,0.5578749573525087,0.6640420854982475,0.2254537410262319,/Users/pradyu/Documents/1_Work/2_Research/DeepChem_ML/Project_1/results/ppb/ChemBERTa_zinc_base_v1/seed42/metrics.json
ppb,ChemBERTa_zinc_base_v1,42,4,0.393913408856333,0.788160169928811,0.2825025050468848,/Users/pradyu/Documents/1_Work/2_Research/DeepChem_ML/Project_1/results/ppb/ChemBERTa_zinc_base_v1/seed42/metrics.json
ppb,ChemBERTa_zinc_base_v1,42,5,0.3009692554672559,0.7718457554480589,0.2257099825958599,/Users/pradyu/Documents/1_Work/2_Research/DeepChem_ML/Project_1/results/ppb/ChemBERTa_zinc_base_v1/seed42/metrics.json
ppb,ChemBERTa_zinc_base_v1,42,6,0.2526586869800532,0.8580373088232952,0.3121629804418054,/Users/pradyu/Documents/1_Work/2_Research/DeepChem_ML/Project_1/results/ppb/ChemBERTa_zinc_base_v1/seed42/metrics.json
ppb,ChemBERTa_zinc_base_v1,42,7,0.207718537637481,0.8222225974903195,0.2719282466617366,/Users/pradyu/Documents/1_Work/2_Research/DeepChem_ML/Project_1/results/ppb/ChemBERTa_zinc_base_v1/seed42/metrics.json
ppb,ChemBERTa_zinc_base_v1,42,8,0.1970683630141947,0.8593002682797739,0.2259004353692918,/Users/pradyu/Documents/1_Work/2_Research/DeepChem_ML/Project_1/results/ppb/ChemBERTa_zinc_base_v1/seed42/metrics.json
ppb,ChemBERTa_zinc_base_v1,42,9,0.183696740295416,0.8852831827922236,0.2866820265605211,/Users/pradyu/Documents/1_Work/2_Research/DeepChem_ML/Project_1/results/ppb/ChemBERTa_zinc_base_v1/seed42/metrics.json
ppb,ChemBERTa_zinc_base_v1,42,10,0.1607147549957404,0.9067884355992044,0.3087049204993159,/Users/pradyu/Documents/1_Work/2_Research/DeepChem_ML/Project_1/results/ppb/ChemBERTa_zinc_base_v1/seed42/metrics.json
ppb,PyG_GIN_h128_e100,44,1,0.9176476307031584,0.0296869711489777,-0.0315131323011586,/Users/pradyu/Documents/1_Work/2_Research/DeepChem_ML/Project_1/results/ppb/PyG_GIN_h128_e100/seed44/metrics.json
ppb,PyG_GIN_h128_e100,44,2,0.8135791733497526,0.1074554543594034,-0.0392243847854993,/Users/pradyu/Documents/1_Work/2_Research/DeepChem_ML/Project_1/results/ppb/PyG_GIN_h128_e100/seed44/metrics.json
ppb,PyG_GIN_h128_e100,44,3,0.753589482932556,0.3364835754237621,0.2674738790260901,/Users/pradyu/Documents/1_Work/2_Research/DeepChem_ML/Project_1/results/ppb/PyG_GIN_h128_e100/seed44/metrics.json
ppb,PyG_GIN_h128_e100,44,4,0.6953558154949327,0.0681973628517589,-0.166842859762224,/Users/pradyu/Documents/1_Work/2_Research/DeepChem_ML/Project_1/results/ppb/PyG_GIN_h128_e100/seed44/metrics.json
ppb,PyG_GIN_h128_e100,44,5,0.7282926185828883,0.3452545773487867,0.2408079703747956,/Users/pradyu/Documents/1_Work/2_Research/DeepChem_ML/Project_1/results/ppb/PyG_GIN_h128_e100/seed44/metrics.json
ppb,PyG_GIN_h128_e100,44,6,0.6533256369393047,0.4032152121120329,0.2531142673902302,/Users/pradyu/Documents/1_Work/2_Research/DeepChem_ML/Project_1/results/ppb/PyG_GIN_h128_e100/seed44/metrics.json
ppb,PyG_GIN_h128_e100,44,7,0.6494792336370887,0.4163648544884892,0.177452893243831,/Users/pradyu/Documents/1_Work/2_Research/DeepChem_ML/Project_1/results/ppb/PyG_GIN_h128_e100/seed44/metrics.json
ppb,PyG_GIN_h128_e100,44,8,0.610641590342289,0.4461180180041479,0.2549772479313504,/Users/pradyu/Documents/1_Work/2_Research/DeepChem_ML/Project_1/results/ppb/PyG_GIN_h128_e100/seed44/metrics.json
ppb,PyG_GIN_h128_e100,44,9,0.6375538248841356,0.2101223870666073,0.063037629624798,/Users/pradyu/Documents/1_Work/2_Research/DeepChem_ML/Project_1/results/ppb/PyG_GIN_h128_e100/seed44/metrics.json
ppb,PyG_GIN_h128_e100,44,10,0.593195213050377,0.3598850372011488,0.1700612606618301,/Users/pradyu/Documents/1_Work/2_Research/DeepChem_ML/Project_1/results/ppb/PyG_GIN_h128_e100/seed44/metrics.json
ppb,PyG_GIN_h128_e100,44,11,0.6026456483253618,0.4701988728437354,0.2872118856159028,/Users/pradyu/Documents/1_Work/2_Research/DeepChem_ML/Project_1/results/ppb/PyG_GIN_h128_e100/seed44/metrics.json
ppb,PyG_GIN_h128_e100,44,12,0.601384947212731,0.5061582461686814,0.2873261044714595,/Users/pradyu/Documents/1_Work/2_Research/DeepChem_ML/Project_1/results/ppb/PyG_GIN_h128_e100/seed44/metrics.json
ppb,PyG_GIN_h128_e100,44,13,0.5776790576737102,0.4490878790857853,0.1637924393700202,/Users/pradyu/Documents/1_Work/2_Research/DeepChem_ML/Project_1/results/ppb/PyG_GIN_h128_e100/seed44/metrics.json
ppb,PyG_GIN_h128_e100,44,14,0.5751503785935844,0.3967233525978612,0.2229694611272429,/Users/pradyu/Documents/1_Work/2_Research/DeepChem_ML/Project_1/results/ppb/PyG_GIN_h128_e100/seed44/metrics.json
ppb,PyG_GIN_h128_e100,44,15,0.5793643644670161,0.4683204280380739,0.2279537394003175,/Users/pradyu/Documents/1_Work/2_Research/DeepChem_ML/Project_1/results/ppb/PyG_GIN_h128_e100/seed44/metrics.json
ppb,PyG_GIN_h128_e100,44,16,0.5625179217356008,0.4473126491751173,0.2900103814812241,/Users/pradyu/Documents/1_Work/2_Research/DeepChem_ML/Project_1/results/ppb/PyG_GIN_h128_e100/seed44/metrics.json
ppb,PyG_GIN_h128_e100,44,17,0.5442099051504601,0.4370683318183354,0.2290072148487318,/Users/pradyu/Documents/1_Work/2_Research/DeepChem_ML/Project_1/results/ppb/PyG_GIN_h128_e100/seed44/metrics.json
ppb,PyG_GIN_h128_e100,44,18,0.5721213839403013,0.4341363608292542,0.1513841054296142,/Users/pradyu/Documents/1_Work/2_Research/DeepChem_ML/Project_1/results/ppb/PyG_GIN_h128_e100/seed44/metrics.json
ppb,PyG_GIN_h128_e100,44,19,0.5411232586314039,0.3573710803578194,0.1128256443974639,/Users/pradyu/Documents/1_Work/2_Research/DeepChem_ML/Project_1/results/ppb/PyG_GIN_h128_e100/seed44/metrics.json
ppb,PyG_GIN_h128_e100,44,20,0.5373753196582561,0.4894818061367729,0.2270238389837074,/Users/pradyu/Documents/1_Work/2_Research/DeepChem_ML/Project_1/results/ppb/PyG_GIN_h128_e100/seed44/metrics.json
ppb,PyG_GIN_h128_e100,44,21,0.5386197054531516,0.4770273206788493,0.2013902822889038,/Users/pradyu/Documents/1_Work/2_Research/DeepChem_ML/Project_1/results/ppb/PyG_GIN_h128_e100/seed44/metrics.json
ppb,PyG_GIN_h128_e100,44,22,0.5155430479747493,0.5492854885563496,0.2722861947937717,/Users/pradyu/Documents/1_Work/2_Research/DeepChem_ML/Project_1/results/ppb/PyG_GIN_h128_e100/seed44/metrics.json
ppb,PyG_GIN_h128_e100,44,23,0.5311169958696133,0.517425467790976,0.2786831713172439,/Users/pradyu/Documents/1_Work/2_Research/DeepChem_ML/Project_1/results/ppb/PyG_GIN_h128_e100/seed44/metrics.json
ppb,PyG_GIN_h128_e100,44,24,0.5156024698077178,0.5534916667960119,0.2069855961436227,/Users/pradyu/Documents/1_Work/2_Research/DeepChem_ML/Project_1/results/ppb/PyG_GIN_h128_e100/seed44/metrics.json
ppb,PyG_GIN_h128_e100,44,25,0.5155102781406263,0.5622931960745042,0.2423769583109186,/Users/pradyu/Documents/1_Work/2_Research/DeepChem_ML/Project_1/results/ppb/PyG_GIN_h128_e100/seed44/metrics.json
ppb,PyG_GIN_h128_e100,44,26,0.5247499426690544,0.5533080237855712,0.213364150513137,/Users/pradyu/Documents/1_Work/2_Research/DeepChem_ML/Project_1/results/ppb/PyG_GIN_h128_e100/seed44/metrics.json
ppb,PyG_GIN_h128_e100,44,27,0.5373402234257721,0.5067156027606732,0.2046323701338563,/Users/pradyu/Documents/1_Work/2_Research/DeepChem_ML/Project_1/results/ppb/PyG_GIN_h128_e100/seed44/metrics.json
ppb,PyG_GIN_h128_e100,44,28,0.5071411394491429,0.5446907855347689,0.2974852543095307,/Users/pradyu/Documents/1_Work/2_Research/DeepChem_ML/Project_1/results/ppb/PyG_GIN_h128_e100/seed44/metrics.json
ppb,PyG_GIN_h128_e100,44,29,0.5399847277780858,0.4968642308925487,0.254787400691546,/Users/pradyu/Documents/1_Work/2_Research/DeepChem_ML/Project_1/results/ppb/PyG_GIN_h128_e100/seed44/metrics.json
ppb,PyG_GIN_h128_e100,44,30,0.5088547493626432,0.5373201696127305,0.1486419796104475,/Users/pradyu/Documents/1_Work/2_Research/DeepChem_ML/Project_1/results/ppb/PyG_GIN_h128_e100/seed44/metrics.json
ppb,PyG_GIN_h128_e100,44,31,0.4828771123798882,0.5531797174118334,0.1397292560288402,/Users/pradyu/Documents/1_Work/2_Research/DeepChem_ML/Project_1/results/ppb/PyG_GIN_h128_e100/seed44/metrics.json
ppb,PyG_GIN_h128_e100,44,32,0.4811507888683459,0.572750910614463,0.2379739235525166,/Users/pradyu/Documents/1_Work/2_Research/DeepChem_ML/Project_1/results/ppb/PyG_GIN_h128_e100/seed44/metrics.json
ppb,PyG_GIN_h128_e100,44,33,0.480188423903977,0.5924498835118135,0.215474318726177,/Users/pradyu/Documents/1_Work/2_Research/DeepChem_ML/Project_1/results/ppb/PyG_GIN_h128_e100/seed44/metrics.json
ppb,PyG_GIN_h128_e100,44,34,0.4860549918035181,0.2689800890698314,-0.0652344366732196,/Users/pradyu/Documents/1_Work/2_Research/DeepChem_ML/Project_1/results/ppb/PyG_GIN_h128_e100/seed44/metrics.json
ppb,PyG_GIN_h128_e100,44,35,0.4865462242103204,0.5451716316585145,0.1890726142449753,/Users/pradyu/Documents/1_Work/2_Research/DeepChem_ML/Project_1/results/ppb/PyG_GIN_h128_e100/seed44/metrics.json
ppb,PyG_GIN_h128_e100,44,36,0.4683277981310356,0.5963472241402984,0.1838236095348697,/Users/pradyu/Documents/1_Work/2_Research/DeepChem_ML/Project_1/results/ppb/PyG_GIN_h128_e100/seed44/metrics.json
ppb,PyG_GIN_h128_e100,44,37,0.4682167277830403,0.4878369177373168,0.2048569935112842,/Users/pradyu/Documents/1_Work/2_Research/DeepChem_ML/Project_1/results/ppb/PyG_GIN_h128_e100/seed44/metrics.json
ppb,PyG_GIN_h128_e100,44,38,0.4822873832975946,0.4489227062021197,0.0766506925144726,/Users/pradyu/Documents/1_Work/2_Research/DeepChem_ML/Project_1/results/ppb/PyG_GIN_h128_e100/seed44/metrics.json
ppb,PyG_GIN_h128_e100,44,39,0.4496977216586834,0.608828065064414,0.2390357900750414,/Users/pradyu/Documents/1_Work/2_Research/DeepChem_ML/Project_1/results/ppb/PyG_GIN_h128_e100/seed44/metrics.json
ppb,PyG_GIN_h128_e100,44,40,0.4619768309157069,0.5997223465618684,0.232776573713786,/Users/pradyu/Documents/1_Work/2_Research/DeepChem_ML/Project_1/results/ppb/PyG_GIN_h128_e100/seed44/metrics.json
ppb,PyG_GIN_h128_e100,44,41,0.4878325684041512,0.5714453072682621,0.1737020364778079,/Users/pradyu/Documents/1_Work/2_Research/DeepChem_ML/Project_1/results/ppb/PyG_GIN_h128_e100/seed44/metrics.json
ppb,PyG_GIN_h128_e100,44,42,0.4305449389829868,0.5903251315140895,0.2274405441151809,/Users/pradyu/Documents/1_Work/2_Research/DeepChem_ML/Project_1/results/ppb/PyG_GIN_h128_e100/seed44/metrics.json
ppb,PyG_GIN_h128_e100,44,43,0.4163237192281863,0.596586816339344,0.2632134086233186,/Users/pradyu/Documents/1_Work/2_Research/DeepChem_ML/Project_1/results/ppb/PyG_GIN_h128_e100/seed44/metrics.json
ppb,PyG_GIN_h128_e100,44,44,0.4251745808415296,0.619333381453139,0.1724604985793791,/Users/pradyu/Documents/1_Work/2_Research/DeepChem_ML/Project_1/results/ppb/PyG_GIN_h128_e100/seed44/metrics.json
ppb,PyG_GIN_h128_e100,44,45,0.4259331451683509,0.6106233860661405,0.2006070180542385,/Users/pradyu/Documents/1_Work/2_Research/DeepChem_ML/Project_1/results/ppb/PyG_GIN_h128_e100/seed44/metrics.json
ppb,PyG_GIN_h128_e100,44,46,0.4301627034821161,0.5757187600146613,0.1699095604390933,/Users/pradyu/Documents/1_Work/2_Research/DeepChem_ML/Project_1/results/ppb/PyG_GIN_h128_e100/seed44/metrics.json
ppb,PyG_GIN_h128_e100,44,47,0.4398144207349637,0.5647781106998688,0.1087426688033278,/Users/pradyu/Documents/1_Work/2_Research/DeepChem_ML/Project_1/results/ppb/PyG_GIN_h128_e100/seed44/metrics.json
ppb,PyG_GIN_h128_e100,44,48,0.4370131939649582,0.6241521793442544,0.2176328215689114,/Users/pradyu/Documents/1_Work/2_Research/DeepChem_ML/Project_1/results/ppb/PyG_GIN_h128_e100/seed44/metrics.json
ppb,PyG_GIN_h128_e100,44,49,0.4444533535620061,0.6349391216551353,0.2879007220812768,/Users/pradyu/Documents/1_Work/2_Research/DeepChem_ML/Project_1/results/ppb/PyG_GIN_h128_e100/seed44/metrics.json
ppb,PyG_GIN_h128_e100,44,50,0.4263472375346393,0.6102982079877396,0.1702010998329279,/Users/pradyu/Documents/1_Work/2_Research/DeepChem_ML/Project_1/results/ppb/PyG_GIN_h128_e100/seed44/metrics.json
ppb,PyG_GIN_h128_e100,44,51,0.4496973044261699,0.6416253970659559,0.1513834035691088,/Users/pradyu/Documents/1_Work/2_Research/DeepChem_ML/Project_1/results/ppb/PyG_GIN_h128_e100/seed44/metrics.json
ppb,PyG_GIN_h128_e100,44,52,0.4145201077548469,0.6506820851740056,0.2778410899348802,/Users/pradyu/Documents/1_Work/2_Research/DeepChem_ML/Project_1/results/ppb/PyG_GIN_h128_e100/seed44/metrics.json
ppb,PyG_GIN_h128_e100,44,53,0.4325778298988575,0.6155970063993652,0.2535857952227721,/Users/pradyu/Documents/1_Work/2_Research/DeepChem_ML/Project_1/results/ppb/PyG_GIN_h128_e100/seed44/metrics.json
ppb,PyG_GIN_h128_e100,43,1,0.9195318818092346,-0.0373878686311524,-0.1116631871175752,/Users/pradyu/Documents/1_Work/2_Research/DeepChem_ML/Project_1/results/ppb/PyG_GIN_h128_e100/seed43/metrics.json
ppb,PyG_GIN_h128_e100,43,2,0.8481442906507631,0.1657134985915059,0.0209411293132437,/Users/pradyu/Documents/1_Work/2_Research/DeepChem_ML/Project_1/results/ppb/PyG_GIN_h128_e100/seed43/metrics.json
ppb,PyG_GIN_h128_e100,43,3,0.7859860887614692,0.3062063845746413,0.1072214375090024,/Users/pradyu/Documents/1_Work/2_Research/DeepChem_ML/Project_1/results/ppb/PyG_GIN_h128_e100/seed43/metrics.json
ppb,PyG_GIN_h128_e100,43,4,0.7267640047683949,0.255271965152553,0.1230972446239233,/Users/pradyu/Documents/1_Work/2_Research/DeepChem_ML/Project_1/results/ppb/PyG_GIN_h128_e100/seed43/metrics.json
ppb,PyG_GIN_h128_e100,43,5,0.7207421275173745,0.2828473479016696,0.1418443648414256,/Users/pradyu/Documents/1_Work/2_Research/DeepChem_ML/Project_1/results/ppb/PyG_GIN_h128_e100/seed43/metrics.json
ppb,PyG_GIN_h128_e100,43,6,0.6782763524026405,0.2546448925881074,0.1791918372799641,/Users/pradyu/Documents/1_Work/2_Research/DeepChem_ML/Project_1/results/ppb/PyG_GIN_h128_e100/seed43/metrics.json
ppb,PyG_GIN_h128_e100,43,7,0.6742992800910298,0.2866812987749232,0.2055359091949501,/Users/pradyu/Documents/1_Work/2_Research/DeepChem_ML/Project_1/results/ppb/PyG_GIN_h128_e100/seed43/metrics.json
ppb,PyG_GIN_h128_e100,43,8,0.6368442374031719,0.4320219038253058,0.2210258599792077,/Users/pradyu/Documents/1_Work/2_Research/DeepChem_ML/Project_1/results/ppb/PyG_GIN_h128_e100/seed43/metrics.json
ppb,PyG_GIN_h128_e100,43,9,0.6549044040645041,0.377664733601371,0.2289890726152726,/Users/pradyu/Documents/1_Work/2_Research/DeepChem_ML/Project_1/results/ppb/PyG_GIN_h128_e100/seed43/metrics.json
ppb,PyG_GIN_h128_e100,43,10,0.6477958458225902,0.342653729703813,0.2671208177343624,/Users/pradyu/Documents/1_Work/2_Research/DeepChem_ML/Project_1/results/ppb/PyG_GIN_h128_e100/seed43/metrics.json
ppb,PyG_GIN_h128_e100,43,11,0.6125817004500366,0.4017487130006476,0.2170899171967247,/Users/pradyu/Documents/1_Work/2_Research/DeepChem_ML/Project_1/results/ppb/PyG_GIN_h128_e100/seed43/metrics.json
ppb,PyG_GIN_h128_e100,43,12,0.5914148219474932,0.435797472691162,0.1955233808706774,/Users/pradyu/Documents/1_Work/2_Research/DeepChem_ML/Project_1/results/ppb/PyG_GIN_h128_e100/seed43/metrics.json
ppb,PyG_GIN_h128_e100,43,13,0.5794112973096894,0.4322506177388793,0.1722475934686037,/Users/pradyu/Documents/1_Work/2_Research/DeepChem_ML/Project_1/results/ppb/PyG_GIN_h128_e100/seed43/metrics.json
ppb,PyG_GIN_h128_e100,43,14,0.5850404413734994,0.4819521493235511,0.2064947007750774,/Users/pradyu/Documents/1_Work/2_Research/DeepChem_ML/Project_1/results/ppb/PyG_GIN_h128_e100/seed43/metrics.json
ppb,PyG_GIN_h128_e100,43,15,0.543684200906172,0.407453124061213,0.2041216667219957,/Users/pradyu/Documents/1_Work/2_Research/DeepChem_ML/Project_1/results/ppb/PyG_GIN_h128_e100/seed43/metrics.json
ppb,PyG_GIN_h128_e100,43,16,0.572094433554789,0.4526402965619259,0.1772712762455535,/Users/pradyu/Documents/1_Work/2_Research/DeepChem_ML/Project_1/results/ppb/PyG_GIN_h128_e100/seed43/metrics.json
ppb,PyG_GIN_h128_e100,43,17,0.5653996605698656,0.470283072326361,0.187524174461666,/Users/pradyu/Documents/1_Work/2_Research/DeepChem_ML/Project_1/results/ppb/PyG_GIN_h128_e100/seed43/metrics.json
ppb,PyG_GIN_h128_e100,43,18,0.5685463845729828,0.5055989816176651,0.1944017027885798,/Users/pradyu/Documents/1_Work/2_Research/DeepChem_ML/Project_1/results/ppb/PyG_GIN_h128_e100/seed43/metrics.json
ppb,PyG_GIN_h128_e100,43,19,0.5611692085498716,0.5116140588513719,0.2800764025529939,/Users/pradyu/Documents/1_Work/2_Research/DeepChem_ML/Project_1/results/ppb/PyG_GIN_h128_e100/seed43/metrics.json
ppb,PyG_GIN_h128_e100,43,20,0.5508072910512366,0.4839874322545151,0.2814781525611391,/Users/pradyu/Documents/1_Work/2_Research/DeepChem_ML/Project_1/results/ppb/PyG_GIN_h128_e100/seed43/metrics.json
ppb,PyG_GIN_h128_e100,43,21,0.5455894931787397,0.5203330509691861,0.2565666253118012,/Users/pradyu/Documents/1_Work/2_Research/DeepChem_ML/Project_1/results/ppb/PyG_GIN_h128_e100/seed43/metrics.json
ppb,PyG_GIN_h128_e100,43,22,0.5454377074067186,0.5244165734116406,0.2786566203725995,/Users/pradyu/Documents/1_Work/2_Research/DeepChem_ML/Project_1/results/ppb/PyG_GIN_h128_e100/seed43/metrics.json
ppb,PyG_GIN_h128_e100,43,23,0.5471294932976002,0.4467667658091765,0.1818928748697355,/Users/pradyu/Documents/1_Work/2_Research/DeepChem_ML/Project_1/results/ppb/PyG_GIN_h128_e100/seed43/metrics.json
ppb,PyG_GIN_h128_e100,43,24,0.5476344373168015,0.5142388588907949,0.2925014984583159,/Users/pradyu/Documents/1_Work/2_Research/DeepChem_ML/Project_1/results/ppb/PyG_GIN_h128_e100/seed43/metrics.json
ppb,PyG_GIN_h128_e100,43,25,0.5140269373248263,0.537161911687914,0.242788961560903,/Users/pradyu/Documents/1_Work/2_Research/DeepChem_ML/Project_1/results/ppb/PyG_GIN_h128_e100/seed43/metrics.json
ppb,PyG_GIN_h128_e100,43,26,0.5317362139864665,0.4619130849714153,0.1557947887090521,/Users/pradyu/Documents/1_Work/2_Research/DeepChem_ML/Project_1/results/ppb/PyG_GIN_h128_e100/seed43/metrics.json
ppb,PyG_GIN_h128_e100,43,27,0.540926324521623,0.5328499581112833,0.1972997829422131,/Users/pradyu/Documents/1_Work/2_Research/DeepChem_ML/Project_1/results/ppb/PyG_GIN_h128_e100/seed43/metrics.json
ppb,PyG_GIN_h128_e100,43,28,0.5034930335312355,0.4995373164996399,0.1019104941164174,/Users/pradyu/Documents/1_Work/2_Research/DeepChem_ML/Project_1/results/ppb/PyG_GIN_h128_e100/seed43/metrics.json
ppb,PyG_GIN_h128_e100,43,29,0.5139562872851767,0.4972587478659289,0.1301295808986403,/Users/pradyu/Documents/1_Work/2_Research/DeepChem_ML/Project_1/results/ppb/PyG_GIN_h128_e100/seed43/metrics.json
ppb,PyG_GIN_h128_e100,43,30,0.4900023617395541,0.4221222271147251,0.1541859421412559,/Users/pradyu/Documents/1_Work/2_Research/DeepChem_ML/Project_1/results/ppb/PyG_GIN_h128_e100/seed43/metrics.json
ppb,PyG_GIN_h128_e100,43,31,0.4807887895078194,0.4521903597037005,0.1110728968927731,/Users/pradyu/Documents/1_Work/2_Research/DeepChem_ML/Project_1/results/ppb/PyG_GIN_h128_e100/seed43/metrics.json
ppb,PyG_GIN_h128_e100,43,32,0.5041565106409353,0.5227379159985218,0.1832993651520559,/Users/pradyu/Documents/1_Work/2_Research/DeepChem_ML/Project_1/results/ppb/PyG_GIN_h128_e100/seed43/metrics.json
ppb,PyG_GIN_h128_e100,43,33,0.4914156859967766,0.562054306767888,0.2883807624963294,/Users/pradyu/Documents/1_Work/2_Research/DeepChem_ML/Project_1/results/ppb/PyG_GIN_h128_e100/seed43/metrics.json
ppb,PyG_GIN_h128_e100,43,34,0.4908164597866011,0.4734913119635842,0.1982909009823404,/Users/pradyu/Documents/1_Work/2_Research/DeepChem_ML/Project_1/results/ppb/PyG_GIN_h128_e100/seed43/metrics.json
ppb,PyG_GIN_h128_e100,43,35,0.4822720234713903,0.5105489954983522,0.2405020539221091,/Users/pradyu/Documents/1_Work/2_Research/DeepChem_ML/Project_1/results/ppb/PyG_GIN_h128_e100/seed43/metrics.json
ppb,PyG_GIN_h128_e100,43,36,0.4816406605447211,0.5843070561045723,0.2706971050964956,/Users/pradyu/Documents/1_Work/2_Research/DeepChem_ML/Project_1/results/ppb/PyG_GIN_h128_e100/seed43/metrics.json
ppb,PyG_GIN_h128_e100,43,37,0.4747099745564344,0.5813438853591258,0.2022735521939841,/Users/pradyu/Documents/1_Work/2_Research/DeepChem_ML/Project_1/results/ppb/PyG_GIN_h128_e100/seed43/metrics.json
ppb,PyG_GIN_h128_e100,43,38,0.4469220002249973,0.49192647920394,0.1729770397666202,/Users/pradyu/Documents/1_Work/2_Research/DeepChem_ML/Project_1/results/ppb/PyG_GIN_h128_e100/seed43/metrics.json
ppb,PyG_GIN_h128_e100,43,39,0.5094911205332454,0.6026534586222081,0.2711353423270336,/Users/pradyu/Documents/1_Work/2_Research/DeepChem_ML/Project_1/results/ppb/PyG_GIN_h128_e100/seed43/metrics.json
ppb,PyG_GIN_h128_e100,43,40,0.4427170021141448,0.6007737057679642,0.244548700196261,/Users/pradyu/Documents/1_Work/2_Research/DeepChem_ML/Project_1/results/ppb/PyG_GIN_h128_e100/seed43/metrics.json
ppb,PyG_GIN_h128_e100,43,41,0.4605609025897049,0.5642632840892172,0.2149466821201746,/Users/pradyu/Documents/1_Work/2_Research/DeepChem_ML/Project_1/results/ppb/PyG_GIN_h128_e100/seed43/metrics.json
ppb,PyG_GIN_h128_e100,43,42,0.4916757497845626,0.5063513871868563,0.1702250643007942,/Users/pradyu/Documents/1_Work/2_Research/DeepChem_ML/Project_1/results/ppb/PyG_GIN_h128_e100/seed43/metrics.json
ppb,PyG_GIN_h128_e100,43,43,0.460927979248326,0.5751446758899637,0.2302165086076376,/Users/pradyu/Documents/1_Work/2_Research/DeepChem_ML/Project_1/results/ppb/PyG_GIN_h128_e100/seed43/metrics.json
ppb,PyG_GIN_h128_e100,43,44,0.4551703809964947,0.5760054061235189,0.2192566906443033,/Users/pradyu/Documents/1_Work/2_Research/DeepChem_ML/Project_1/results/ppb/PyG_GIN_h128_e100/seed43/metrics.json
ppb,PyG_GIN_h128_e100,43,45,0.4794381417152358,0.5682468570866417,0.1559067162868099,/Users/pradyu/Documents/1_Work/2_Research/DeepChem_ML/Project_1/results/ppb/PyG_GIN_h128_e100/seed43/metrics.json
ppb,PyG_GIN_h128_e100,43,46,0.4640996448877381,0.6249844849926065,0.2030001897986174,/Users/pradyu/Documents/1_Work/2_Research/DeepChem_ML/Project_1/results/ppb/PyG_GIN_h128_e100/seed43/metrics.json
ppb,PyG_GIN_h128_e100,43,47,0.4303635860361704,0.5458082660077052,0.1636697756294373,/Users/pradyu/Documents/1_Work/2_Research/DeepChem_ML/Project_1/results/ppb/PyG_GIN_h128_e100/seed43/metrics.json
ppb,PyG_GIN_h128_e100,43,48,0.4369794184841761,0.6155979606364008,0.2401375649929603,/Users/pradyu/Documents/1_Work/2_Research/DeepChem_ML/Project_1/results/ppb/PyG_GIN_h128_e100/seed43/metrics.json
ppb,PyG_GIN_h128_e100,43,49,0.4449861547568949,0.5789680884613544,0.2292603851459963,/Users/pradyu/Documents/1_Work/2_Research/DeepChem_ML/Project_1/results/ppb/PyG_GIN_h128_e100/seed43/metrics.json
ppb,PyG_GIN_h128_e100,42,1,0.9313718087789488,0.1630937253886663,0.1221026545737884,/Users/pradyu/Documents/1_Work/2_Research/DeepChem_ML/Project_1/results/ppb/PyG_GIN_h128_e100/seed42/metrics.json
ppb,PyG_GIN_h128_e100,42,2,0.8288439090658979,0.2724490040323521,0.1597941260782356,/Users/pradyu/Documents/1_Work/2_Research/DeepChem_ML/Project_1/results/ppb/PyG_GIN_h128_e100/seed42/metrics.json
ppb,PyG_GIN_h128_e100,42,3,0.7901335663911773,0.2643563996994302,0.0805875832374231,/Users/pradyu/Documents/1_Work/2_Research/DeepChem_ML/Project_1/results/ppb/PyG_GIN_h128_e100/seed42/metrics.json
ppb,PyG_GIN_h128_e100,42,4,0.7411474251165623,0.3125987529531935,0.2350308820780817,/Users/pradyu/Documents/1_Work/2_Research/DeepChem_ML/Project_1/results/ppb/PyG_GIN_h128_e100/seed42/metrics.json
ppb,PyG_GIN_h128_e100,42,5,0.7039256837309861,0.355593430881625,0.258228941175514,/Users/pradyu/Documents/1_Work/2_Research/DeepChem_ML/Project_1/results/ppb/PyG_GIN_h128_e100/seed42/metrics.json
ppb,PyG_GIN_h128_e100,42,6,0.6911593682882262,0.3809067364268429,0.2445181405444373,/Users/pradyu/Documents/1_Work/2_Research/DeepChem_ML/Project_1/results/ppb/PyG_GIN_h128_e100/seed42/metrics.json
ppb,PyG_GIN_h128_e100,42,7,0.6444737253392615,0.3683885322936868,0.2187675714328143,/Users/pradyu/Documents/1_Work/2_Research/DeepChem_ML/Project_1/results/ppb/PyG_GIN_h128_e100/seed42/metrics.json
ppb,PyG_GIN_h128_e100,42,8,0.6094414213808571,0.4414344329337819,0.2206321040352109,/Users/pradyu/Documents/1_Work/2_Research/DeepChem_ML/Project_1/results/ppb/PyG_GIN_h128_e100/seed42/metrics.json
ppb,PyG_GIN_h128_e100,42,9,0.6121829791766841,0.436797847582373,0.2165969607549253,/Users/pradyu/Documents/1_Work/2_Research/DeepChem_ML/Project_1/results/ppb/PyG_GIN_h128_e100/seed42/metrics.json
ppb,PyG_GIN_h128_e100,42,10,0.6244805288024065,0.4618841295793182,0.2613774087179938,/Users/pradyu/Documents/1_Work/2_Research/DeepChem_ML/Project_1/results/ppb/PyG_GIN_h128_e100/seed42/metrics.json
ppb,PyG_GIN_h128_e100,42,11,0.5859758097951006,0.4824251911932478,0.2409407651565099,/Users/pradyu/Documents/1_Work/2_Research/DeepChem_ML/Project_1/results/ppb/PyG_GIN_h128_e100/seed42/metrics.json
ppb,PyG_GIN_h128_e100,42,12,0.593837485444255,0.2040975418348646,0.1697551888336945,/Users/pradyu/Documents/1_Work/2_Research/DeepChem_ML/Project_1/results/ppb/PyG_GIN_h128_e100/seed42/metrics.json
ppb,PyG_GIN_h128_e100,42,13,0.5852702579847197,0.4739742962409824,0.2315927294695824,/Users/pradyu/Documents/1_Work/2_Research/DeepChem_ML/Project_1/results/ppb/PyG_GIN_h128_e100/seed42/metrics.json
ppb,PyG_GIN_h128_e100,42,14,0.5934610232347395,0.2821235267119854,0.1290951126524357,/Users/pradyu/Documents/1_Work/2_Research/DeepChem_ML/Project_1/results/ppb/PyG_GIN_h128_e100/seed42/metrics.json
ppb,PyG_GIN_h128_e100,42,15,0.5621933846212015,0.5005143976951297,0.2446545412307935,/Users/pradyu/Documents/1_Work/2_Research/DeepChem_ML/Project_1/results/ppb/PyG_GIN_h128_e100/seed42/metrics.json
ppb,PyG_GIN_h128_e100,42,16,0.5542971179252718,0.4727214251362087,0.3014503972517854,/Users/pradyu/Documents/1_Work/2_Research/DeepChem_ML/Project_1/results/ppb/PyG_GIN_h128_e100/seed42/metrics.json
ppb,PyG_GIN_h128_e100,42,17,0.5815379492393354,0.4666226905242674,0.2764327856977872,/Users/pradyu/Documents/1_Work/2_Research/DeepChem_ML/Project_1/results/ppb/PyG_GIN_h128_e100/seed42/metrics.json
ppb,PyG_GIN_h128_e100,42,18,0.568127255614211,0.3972337639078559,0.2030696947602148,/Users/pradyu/Documents/1_Work/2_Research/DeepChem_ML/Project_1/results/ppb/PyG_GIN_h128_e100/seed42/metrics.json
ppb,PyG_GIN_h128_e100,42,19,0.5552963316440582,0.4737102630315873,0.199534308753836,/Users/pradyu/Documents/1_Work/2_Research/DeepChem_ML/Project_1/results/ppb/PyG_GIN_h128_e100/seed42/metrics.json
ppb,PyG_GIN_h128_e100,42,20,0.5304882355579515,0.5088733937328274,0.2754480764440435,/Users/pradyu/Documents/1_Work/2_Research/DeepChem_ML/Project_1/results/ppb/PyG_GIN_h128_e100/seed42/metrics.json
ppb,PyG_GIN_h128_e100,42,21,0.5305776530649604,0.1426641937574102,-0.0931256319775584,/Users/pradyu/Documents/1_Work/2_Research/DeepChem_ML/Project_1/results/ppb/PyG_GIN_h128_e100/seed42/metrics.json
ppb,PyG_GIN_h128_e100,42,22,0.5381546253111305,0.5161072801505855,0.2389321294150762,/Users/pradyu/Documents/1_Work/2_Research/DeepChem_ML/Project_1/results/ppb/PyG_GIN_h128_e100/seed42/metrics.json
ppb,PyG_GIN_h128_e100,42,23,0.5322771570304545,0.3779297444669367,0.2076967521053258,/Users/pradyu/Documents/1_Work/2_Research/DeepChem_ML/Project_1/results/ppb/PyG_GIN_h128_e100/seed42/metrics.json
ppb,PyG_GIN_h128_e100,42,24,0.5177567528515328,0.5325704048834168,0.233179403362106,/Users/pradyu/Documents/1_Work/2_Research/DeepChem_ML/Project_1/results/ppb/PyG_GIN_h128_e100/seed42/metrics.json
ppb,PyG_GIN_h128_e100,42,25,0.5122707816885739,0.4993571906409246,0.2135662793524113,/Users/pradyu/Documents/1_Work/2_Research/DeepChem_ML/Project_1/results/ppb/PyG_GIN_h128_e100/seed42/metrics.json
ppb,PyG_GIN_h128_e100,42,26,0.5153199783185634,0.5111367205354327,0.1613224872058631,/Users/pradyu/Documents/1_Work/2_Research/DeepChem_ML/Project_1/results/ppb/PyG_GIN_h128_e100/seed42/metrics.json
ppb,PyG_GIN_h128_e100,42,27,0.5094112466748167,0.564248375092198,0.2767869769740717,/Users/pradyu/Documents/1_Work/2_Research/DeepChem_ML/Project_1/results/ppb/PyG_GIN_h128_e100/seed42/metrics.json
ppb,PyG_GIN_h128_e100,42,28,0.4855841710800078,0.5380707745897266,0.245829435463602,/Users/pradyu/Documents/1_Work/2_Research/DeepChem_ML/Project_1/results/ppb/PyG_GIN_h128_e100/seed42/metrics.json
ppb,PyG_GIN_h128_e100,42,29,0.4955969867182941,0.5421823923571079,0.23706777315155,/Users/pradyu/Documents/1_Work/2_Research/DeepChem_ML/Project_1/results/ppb/PyG_GIN_h128_e100/seed42/metrics.json
ppb,PyG_GIN_h128_e100,42,30,0.4911543367112555,0.5398124394894201,0.2759154741033817,/Users/pradyu/Documents/1_Work/2_Research/DeepChem_ML/Project_1/results/ppb/PyG_GIN_h128_e100/seed42/metrics.json
ppb,PyG_GIN_h128_e100,42,31,0.4899403812681756,0.4501037819929298,0.1557671144421414,/Users/pradyu/Documents/1_Work/2_Research/DeepChem_ML/Project_1/results/ppb/PyG_GIN_h128_e100/seed42/metrics.json
ppb,PyG_GIN_h128_e100,42,32,0.487713576090045,0.3290385636377381,0.0413120957127283,/Users/pradyu/Documents/1_Work/2_Research/DeepChem_ML/Project_1/results/ppb/PyG_GIN_h128_e100/seed42/metrics.json
ppb,PyG_GIN_h128_e100,42,33,0.4797083750003721,0.5779588327624474,0.2096982161617054,/Users/pradyu/Documents/1_Work/2_Research/DeepChem_ML/Project_1/results/ppb/PyG_GIN_h128_e100/seed42/metrics.json
ppb,PyG_GIN_h128_e100,42,34,0.4739019623616846,0.4962996024007744,0.1793300388085769,/Users/pradyu/Documents/1_Work/2_Research/DeepChem_ML/Project_1/results/ppb/PyG_GIN_h128_e100/seed42/metrics.json
ppb,PyG_GIN_h128_e100,42,35,0.4603466006313882,0.3761833729210628,0.0114821044541987,/Users/pradyu/Documents/1_Work/2_Research/DeepChem_ML/Project_1/results/ppb/PyG_GIN_h128_e100/seed42/metrics.json
ppb,PyG_GIN_h128_e100,42,36,0.4814713484630352,0.5501689686038318,0.2336847692966395,/Users/pradyu/Documents/1_Work/2_Research/DeepChem_ML/Project_1/results/ppb/PyG_GIN_h128_e100/seed42/metrics.json
ppb,PyG_GIN_h128_e100,42,37,0.4755966525252272,0.595418985625956,0.254629480699205,/Users/pradyu/Documents/1_Work/2_Research/DeepChem_ML/Project_1/results/ppb/PyG_GIN_h128_e100/seed42/metrics.json
ppb,PyG_GIN_h128_e100,42,38,0.4747710773130743,0.5722301528717815,0.2772969240601849,/Users/pradyu/Documents/1_Work/2_Research/DeepChem_ML/Project_1/results/ppb/PyG_GIN_h128_e100/seed42/metrics.json
ppb,PyG_GIN_h128_e100,42,39,0.4569625120337416,0.5707489360740563,0.2105077232735299,/Users/pradyu/Documents/1_Work/2_Research/DeepChem_ML/Project_1/results/ppb/PyG_GIN_h128_e100/seed42/metrics.json
ppb,PyG_GIN_h128_e100,42,40,0.4645913701231887,0.5271521670547314,0.243709660940352,/Users/pradyu/Documents/1_Work/2_Research/DeepChem_ML/Project_1/results/ppb/PyG_GIN_h128_e100/seed42/metrics.json
ppb,PyG_GIN_h128_e100,42,41,0.4448495347325394,0.5818073558395489,0.2009073786527,/Users/pradyu/Documents/1_Work/2_Research/DeepChem_ML/Project_1/results/ppb/PyG_GIN_h128_e100/seed42/metrics.json
ppb,ChemBERTa_zinc_base_v1,44,1,1.0235594249353177,0.0414743466896586,0.005128950861335,/Users/pradyu/Documents/1_Work/2_Research/DeepChem_ML/Project_1/results/ppb/ChemBERTa_zinc_base_v1_lr1e-05_e20/seed44/metrics.json
ppb,ChemBERTa_zinc_base_v1,44,2,0.9450444608199888,0.0976902895576076,0.0523185485664693,/Users/pradyu/Documents/1_Work/2_Research/DeepChem_ML/Project_1/results/ppb/ChemBERTa_zinc_base_v1_lr1e-05_e20/seed44/metrics.json
ppb,ChemBERTa_zinc_base_v1,44,3,0.9400568967912256,0.236302671461817,0.1397282830007112,/Users/pradyu/Documents/1_Work/2_Research/DeepChem_ML/Project_1/results/ppb/ChemBERTa_zinc_base_v1_lr1e-05_e20/seed44/metrics.json
ppb,ChemBERTa_zinc_base_v1,44,4,0.7802020013332367,0.3464638936398198,0.1816785752109428,/Users/pradyu/Documents/1_Work/2_Research/DeepChem_ML/Project_1/results/ppb/ChemBERTa_zinc_base_v1_lr1e-05_e20/seed44/metrics.json
ppb,ChemBERTa_zinc_base_v1,44,5,0.7023746433054529,0.454247817258503,0.2189368256763604,/Users/pradyu/Documents/1_Work/2_Research/DeepChem_ML/Project_1/results/ppb/ChemBERTa_zinc_base_v1_lr1e-05_e20/seed44/metrics.json
ppb,ChemBERTa_zinc_base_v1,44,6,0.6090608466325736,0.510488823031209,0.2069041318496119,/Users/pradyu/Documents/1_Work/2_Research/DeepChem_ML/Project_1/results/ppb/ChemBERTa_zinc_base_v1_lr1e-05_e20/seed44/metrics.json
ppb,ChemBERTa_zinc_base_v1,44,7,0.534933630104472,0.6072593301842186,0.2342355589620934,/Users/pradyu/Documents/1_Work/2_Research/DeepChem_ML/Project_1/results/ppb/ChemBERTa_zinc_base_v1_lr1e-05_e20/seed44/metrics.json
ppb,ChemBERTa_zinc_base_v1,44,8,0.4850860964961168,0.6873248156803664,0.2720706092922375,/Users/pradyu/Documents/1_Work/2_Research/DeepChem_ML/Project_1/results/ppb/ChemBERTa_zinc_base_v1_lr1e-05_e20/seed44/metrics.json
ppb,ChemBERTa_zinc_base_v1,44,9,0.4159605190521333,0.7490763459211669,0.3188364112938454,/Users/pradyu/Documents/1_Work/2_Research/DeepChem_ML/Project_1/results/ppb/ChemBERTa_zinc_base_v1_lr1e-05_e20/seed44/metrics.json
ppb,ChemBERTa_zinc_base_v1,44,10,0.3698552745144541,0.7910718321825551,0.2859804091383959,/Users/pradyu/Documents/1_Work/2_Research/DeepChem_ML/Project_1/results/ppb/ChemBERTa_zinc_base_v1_lr1e-05_e20/seed44/metrics.json
ppb,ChemBERTa_zinc_base_v1,44,11,0.292269708543289,0.8273974347884937,0.3425598872089862,/Users/pradyu/Documents/1_Work/2_Research/DeepChem_ML/Project_1/results/ppb/ChemBERTa_zinc_base_v1_lr1e-05_e20/seed44/metrics.json
ppb,ChemBERTa_zinc_base_v1,44,12,0.2915388603762882,0.8495232709925775,0.308947346549929,/Users/pradyu/Documents/1_Work/2_Research/DeepChem_ML/Project_1/results/ppb/ChemBERTa_zinc_base_v1_lr1e-05_e20/seed44/metrics.json
ppb,ChemBERTa_zinc_base_v1,44,13,0.2322660301153253,0.8702114112399744,0.3098928995511169,/Users/pradyu/Documents/1_Work/2_Research/DeepChem_ML/Project_1/results/ppb/ChemBERTa_zinc_base_v1_lr1e-05_e20/seed44/metrics.json
ppb,ChemBERTa_zinc_base_v1,44,14,0.2054470219626659,0.8704804013888946,0.2986679099598288,/Users/pradyu/Documents/1_Work/2_Research/DeepChem_ML/Project_1/results/ppb/ChemBERTa_zinc_base_v1_lr1e-05_e20/seed44/metrics.json
ppb,ChemBERTa_zinc_base_v1,44,15,0.1947201303229099,0.8932539544406272,0.3223657145126219,/Users/pradyu/Documents/1_Work/2_Research/DeepChem_ML/Project_1/results/ppb/ChemBERTa_zinc_base_v1_lr1e-05_e20/seed44/metrics.json
ppb,ChemBERTa_zinc_base_v1,44,16,0.1785528507174515,0.8915436525086241,0.2898293061909207,/Users/pradyu/Documents/1_Work/2_Research/DeepChem_ML/Project_1/results/ppb/ChemBERTa_zinc_base_v1_lr1e-05_e20/seed44/metrics.json
ppb,ChemBERTa_zinc_base_v1,44,17,0.1744124580447267,0.8976179078070218,0.302048976366197,/Users/pradyu/Documents/1_Work/2_Research/DeepChem_ML/Project_1/results/ppb/ChemBERTa_zinc_base_v1_lr1e-05_e20/seed44/metrics.json
ppb,ChemBERTa_zinc_base_v1,44,18,0.1928636649759804,0.8962583036198472,0.2493775302079904,/Users/pradyu/Documents/1_Work/2_Research/DeepChem_ML/Project_1/results/ppb/ChemBERTa_zinc_base_v1_lr1e-05_e20/seed44/metrics.json
ppb,ChemBERTa_zinc_base_v1,44,19,0.1618014261489961,0.9059895203576926,0.2749811662088944,/Users/pradyu/Documents/1_Work/2_Research/DeepChem_ML/Project_1/results/ppb/ChemBERTa_zinc_base_v1_lr1e-05_e20/seed44/metrics.json
ppb,ChemBERTa_zinc_base_v1,44,20,0.1619987075285213,0.9115986617583648,0.2894033181914494,/Users/pradyu/Documents/1_Work/2_Research/DeepChem_ML/Project_1/results/ppb/ChemBERTa_zinc_base_v1_lr1e-05_e20/seed44/metrics.json
ppb,ChemBERTa_zinc_base_v1,43,1,0.993362200696294,0.0417045576367122,0.0818895646839521,/Users/pradyu/Documents/1_Work/2_Research/DeepChem_ML/Project_1/results/ppb/ChemBERTa_zinc_base_v1_lr1e-05_e20/seed43/metrics.json
ppb,ChemBERTa_zinc_base_v1,43,2,0.979082053027502,0.0923596671193023,0.0885278048519099,/Users/pradyu/Documents/1_Work/2_Research/DeepChem_ML/Project_1/results/ppb/ChemBERTa_zinc_base_v1_lr1e-05_e20/seed43/metrics.json
ppb,ChemBERTa_zinc_base_v1,43,3,0.8814310765847927,0.272038924754313,0.1959160112671719,/Users/pradyu/Documents/1_Work/2_Research/DeepChem_ML/Project_1/results/ppb/ChemBERTa_zinc_base_v1_lr1e-05_e20/seed43/metrics.json
ppb,ChemBERTa_zinc_base_v1,43,4,0.7599134844977681,0.3722577632313635,0.2415421936180254,/Users/pradyu/Documents/1_Work/2_Research/DeepChem_ML/Project_1/results/ppb/ChemBERTa_zinc_base_v1_lr1e-05_e20/seed43/metrics.json
ppb,ChemBERTa_zinc_base_v1,43,5,0.6870202749240689,0.4684968345052976,0.2280419619080375,/Users/pradyu/Documents/1_Work/2_Research/DeepChem_ML/Project_1/results/ppb/ChemBERTa_zinc_base_v1_lr1e-05_e20/seed43/metrics.json
ppb,ChemBERTa_zinc_base_v1,43,6,0.5725648312306986,0.5223639303657847,0.2166186568538667,/Users/pradyu/Documents/1_Work/2_Research/DeepChem_ML/Project_1/results/ppb/ChemBERTa_zinc_base_v1_lr1e-05_e20/seed43/metrics.json
ppb,ChemBERTa_zinc_base_v1,43,7,0.5292072677757682,0.6439713149189464,0.2997008434992642,/Users/pradyu/Documents/1_Work/2_Research/DeepChem_ML/Project_1/results/ppb/ChemBERTa_zinc_base_v1_lr1e-05_e20/seed43/metrics.json
ppb,ChemBERTa_zinc_base_v1,43,8,0.4460413266972797,0.7179494242359821,0.331957998076697,/Users/pradyu/Documents/1_Work/2_Research/DeepChem_ML/Project_1/results/ppb/ChemBERTa_zinc_base_v1_lr1e-05_e20/seed43/metrics.json
ppb,ChemBERTa_zinc_base_v1,43,9,0.401426638408405,0.7586659031880272,0.334553577886815,/Users/pradyu/Documents/1_Work/2_Research/DeepChem_ML/Project_1/results/ppb/ChemBERTa_zinc_base_v1_lr1e-05_e20/seed43/metrics.json
ppb,ChemBERTa_zinc_base_v1,43,10,0.336170948496679,0.8130430546550242,0.3099667018042837,/Users/pradyu/Documents/1_Work/2_Research/DeepChem_ML/Project_1/results/ppb/ChemBERTa_zinc_base_v1_lr1e-05_e20/seed43/metrics.json
ppb,ChemBERTa_zinc_base_v1,43,11,0.3006123885875795,0.8254470759336754,0.3331074820536545,/Users/pradyu/Documents/1_Work/2_Research/DeepChem_ML/Project_1/results/ppb/ChemBERTa_zinc_base_v1_lr1e-05_e20/seed43/metrics.json
ppb,ChemBERTa_zinc_base_v1,43,12,0.2883576181967084,0.8464451371831757,0.3610460482665707,/Users/pradyu/Documents/1_Work/2_Research/DeepChem_ML/Project_1/results/ppb/ChemBERTa_zinc_base_v1_lr1e-05_e20/seed43/metrics.json
ppb,ChemBERTa_zinc_base_v1,43,13,0.2440117014254011,0.8323292879730066,0.2692973700604479,/Users/pradyu/Documents/1_Work/2_Research/DeepChem_ML/Project_1/results/ppb/ChemBERTa_zinc_base_v1_lr1e-05_e20/seed43/metrics.json
ppb,ChemBERTa_zinc_base_v1,43,14,0.2459111500804017,0.871919981407335,0.3367739295788687,/Users/pradyu/Documents/1_Work/2_Research/DeepChem_ML/Project_1/results/ppb/ChemBERTa_zinc_base_v1_lr1e-05_e20/seed43/metrics.json
ppb,ChemBERTa_zinc_base_v1,43,15,0.1955954643284402,0.8816128290770064,0.3258013773726004,/Users/pradyu/Documents/1_Work/2_Research/DeepChem_ML/Project_1/results/ppb/ChemBERTa_zinc_base_v1_lr1e-05_e20/seed43/metrics.json
ppb,ChemBERTa_zinc_base_v1,43,16,0.1892568383638452,0.8857404131784372,0.3341646079003816,/Users/pradyu/Documents/1_Work/2_Research/DeepChem_ML/Project_1/results/ppb/ChemBERTa_zinc_base_v1_lr1e-05_e20/seed43/metrics.json
ppb,ChemBERTa_zinc_base_v1,43,17,0.1763699441784765,0.8886999761819121,0.3539849946432125,/Users/pradyu/Documents/1_Work/2_Research/DeepChem_ML/Project_1/results/ppb/ChemBERTa_zinc_base_v1_lr1e-05_e20/seed43/metrics.json
ppb,ChemBERTa_zinc_base_v1,43,18,0.1660120956054548,0.888654784181671,0.2931064055433259,/Users/pradyu/Documents/1_Work/2_Research/DeepChem_ML/Project_1/results/ppb/ChemBERTa_zinc_base_v1_lr1e-05_e20/seed43/metrics.json
ppb,ChemBERTa_zinc_base_v1,43,19,0.1601885731627301,0.9036602158766772,0.365148820106619,/Users/pradyu/Documents/1_Work/2_Research/DeepChem_ML/Project_1/results/ppb/ChemBERTa_zinc_base_v1_lr1e-05_e20/seed43/metrics.json
ppb,ChemBERTa_zinc_base_v1,43,20,0.1593450965677819,0.908558639387022,0.3255369951039371,/Users/pradyu/Documents/1_Work/2_Research/DeepChem_ML/Project_1/results/ppb/ChemBERTa_zinc_base_v1_lr1e-05_e20/seed43/metrics.json
ppb,ChemBERTa_zinc_base_v1,42,1,1.006853624814894,0.0622467844874702,0.0036339411831579,/Users/pradyu/Documents/1_Work/2_Research/DeepChem_ML/Project_1/results/ppb/ChemBERTa_zinc_base_v1_lr1e-05_e20/seed42/metrics.json
ppb,ChemBERTa_zinc_base_v1,42,2,0.9255980776577462,0.1029633305132307,0.0310368594473667,/Users/pradyu/Documents/1_Work/2_Research/DeepChem_ML/Project_1/results/ppb/ChemBERTa_zinc_base_v1_lr1e-05_e20/seed42/metrics.json
ppb,ChemBERTa_zinc_base_v1,42,3,0.883155650845388,0.2550493171609863,0.1499097739460567,/Users/pradyu/Documents/1_Work/2_Research/DeepChem_ML/Project_1/results/ppb/ChemBERTa_zinc_base_v1_lr1e-05_e20/seed42/metrics.json
ppb,ChemBERTa_zinc_base_v1,42,4,0.7816846697795682,0.3697000239791835,0.2089744984973963,/Users/pradyu/Documents/1_Work/2_Research/DeepChem_ML/Project_1/results/ppb/ChemBERTa_zinc_base_v1_lr1e-05_e20/seed42/metrics.json
ppb,ChemBERTa_zinc_base_v1,42,5,0.6880773894670533,0.4037087971037227,0.1537436384034308,/Users/pradyu/Documents/1_Work/2_Research/DeepChem_ML/Project_1/results/ppb/ChemBERTa_zinc_base_v1_lr1e-05_e20/seed42/metrics.json
ppb,ChemBERTa_zinc_base_v1,42,6,0.6031484191374081,0.5387875521521938,0.2198991150679621,/Users/pradyu/Documents/1_Work/2_Research/DeepChem_ML/Project_1/results/ppb/ChemBERTa_zinc_base_v1_lr1e-05_e20/seed42/metrics.json
ppb,ChemBERTa_zinc_base_v1,42,7,0.5406089944810402,0.623713680355473,0.2366247303512144,/Users/pradyu/Documents/1_Work/2_Research/DeepChem_ML/Project_1/results/ppb/ChemBERTa_zinc_base_v1_lr1e-05_e20/seed42/metrics.json
ppb,ChemBERTa_zinc_base_v1,42,8,0.4717787631401202,0.6917301604321453,0.2585105647040141,/Users/pradyu/Documents/1_Work/2_Research/DeepChem_ML/Project_1/results/ppb/ChemBERTa_zinc_base_v1_lr1e-05_e20/seed42/metrics.json
ppb,ChemBERTa_zinc_base_v1,42,9,0.4161644523463598,0.7406278201333855,0.2814015350105441,/Users/pradyu/Documents/1_Work/2_Research/DeepChem_ML/Project_1/results/ppb/ChemBERTa_zinc_base_v1_lr1e-05_e20/seed42/metrics.json
ppb,ChemBERTa_zinc_base_v1,42,10,0.3715180280368502,0.7657611442443709,0.260149614191894,/Users/pradyu/Documents/1_Work/2_Research/DeepChem_ML/Project_1/results/ppb/ChemBERTa_zinc_base_v1_lr1e-05_e20/seed42/metrics.json
ppb,ChemBERTa_zinc_base_v1,42,11,0.3012659673283739,0.8099940441692661,0.2859648511397357,/Users/pradyu/Documents/1_Work/2_Research/DeepChem_ML/Project_1/results/ppb/ChemBERTa_zinc_base_v1_lr1e-05_e20/seed42/metrics.json
ppb,ChemBERTa_zinc_base_v1,42,12,0.2757766326753104,0.7953469054537222,0.2392513556143917,/Users/pradyu/Documents/1_Work/2_Research/DeepChem_ML/Project_1/results/ppb/ChemBERTa_zinc_base_v1_lr1e-05_e20/seed42/metrics.json
ppb,ChemBERTa_zinc_base_v1,42,13,0.2358386040460772,0.8327782882609385,0.2542373343134176,/Users/pradyu/Documents/1_Work/2_Research/DeepChem_ML/Project_1/results/ppb/ChemBERTa_zinc_base_v1_lr1e-05_e20/seed42/metrics.json
ppb,ChemBERTa_zinc_base_v1,42,14,0.2474592266286291,0.8459531067124466,0.255194474415078,/Users/pradyu/Documents/1_Work/2_Research/DeepChem_ML/Project_1/results/ppb/ChemBERTa_zinc_base_v1_lr1e-05_e20/seed42/metrics.json
ppb,ChemBERTa_zinc_base_v1,42,15,0.2034793808692839,0.870795501343351,0.269657035856379,/Users/pradyu/Documents/1_Work/2_Research/DeepChem_ML/Project_1/results/ppb/ChemBERTa_zinc_base_v1_lr1e-05_e20/seed42/metrics.json
ppb,ChemBERTa_zinc_base_v1,42,16,0.189857269932584,0.8773212303586118,0.2848250075277033,/Users/pradyu/Documents/1_Work/2_Research/DeepChem_ML/Project_1/results/ppb/ChemBERTa_zinc_base_v1_lr1e-05_e20/seed42/metrics.json
ppb,ChemBERTa_zinc_base_v1,42,17,0.1749504212199187,0.8907830372533158,0.2946135779675505,/Users/pradyu/Documents/1_Work/2_Research/DeepChem_ML/Project_1/results/ppb/ChemBERTa_zinc_base_v1_lr1e-05_e20/seed42/metrics.json
ppb,ChemBERTa_zinc_base_v1,42,18,0.1747092639164227,0.8845604716077446,0.3132954887202522,/Users/pradyu/Documents/1_Work/2_Research/DeepChem_ML/Project_1/results/ppb/ChemBERTa_zinc_base_v1_lr1e-05_e20/seed42/metrics.json
ppb,ChemBERTa_zinc_base_v1,42,19,0.1511846144751804,0.909080135460506,0.3180261999657962,/Users/pradyu/Documents/1_Work/2_Research/DeepChem_ML/Project_1/results/ppb/ChemBERTa_zinc_base_v1_lr1e-05_e20/seed42/metrics.json
ppb,ChemBERTa_zinc_base_v1,42,20,0.1519584208726883,0.9085600879319738,0.2797273748118268,/Users/pradyu/Documents/1_Work/2_Research/DeepChem_ML/Project_1/results/ppb/ChemBERTa_zinc_base_v1_lr1e-05_e20/seed42/metrics.json
ppb,PyG_GCN_h128_e100,44,1,0.8867883140720972,0.1560274079109459,0.1524619690076454,/Users/pradyu/Documents/1_Work/2_Research/DeepChem_ML/Project_1/results/ppb/PyG_GCN_h128_e100/seed44/metrics.json
ppb,PyG_GCN_h128_e100,44,2,0.8163979111648187,0.2731784632533829,0.2056511684465717,/Users/pradyu/Documents/1_Work/2_Research/DeepChem_ML/Project_1/results/ppb/PyG_GCN_h128_e100/seed44/metrics.json
ppb,PyG_GCN_h128_e100,44,3,0.7485344097381685,0.3155707420258676,0.1830210469924929,/Users/pradyu/Documents/1_Work/2_Research/DeepChem_ML/Project_1/results/ppb/PyG_GCN_h128_e100/seed44/metrics.json
ppb,PyG_GCN_h128_e100,44,4,0.7574835154341488,0.2642580832247295,0.1887618681041628,/Users/pradyu/Documents/1_Work/2_Research/DeepChem_ML/Project_1/results/ppb/PyG_GCN_h128_e100/seed44/metrics.json
ppb,PyG_GCN_h128_e100,44,5,0.7145922238506922,0.3633864001303223,0.2237035800899784,/Users/pradyu/Documents/1_Work/2_Research/DeepChem_ML/Project_1/results/ppb/PyG_GCN_h128_e100/seed44/metrics.json
ppb,PyG_GCN_h128_e100,44,6,0.6713643757308402,0.3797789238766089,0.247241853214728,/Users/pradyu/Documents/1_Work/2_Research/DeepChem_ML/Project_1/results/ppb/PyG_GCN_h128_e100/seed44/metrics.json
ppb,PyG_GCN_h128_e100,44,7,0.6772744931825777,0.372905150261873,0.2465401542958014,/Users/pradyu/Documents/1_Work/2_Research/DeepChem_ML/Project_1/results/ppb/PyG_GCN_h128_e100/seed44/metrics.json
ppb,PyG_GCN_h128_e100,44,8,0.6769288989101968,0.3167694878617866,0.1025049966450469,/Users/pradyu/Documents/1_Work/2_Research/DeepChem_ML/Project_1/results/ppb/PyG_GCN_h128_e100/seed44/metrics.json
ppb,PyG_GCN_h128_e100,44,9,0.6637453182441432,0.3514410592617357,0.2653495710230359,/Users/pradyu/Documents/1_Work/2_Research/DeepChem_ML/Project_1/results/ppb/PyG_GCN_h128_e100/seed44/metrics.json
ppb,PyG_GCN_h128_e100,44,10,0.657854264102331,0.4054843433823009,0.2739332718375883,/Users/pradyu/Documents/1_Work/2_Research/DeepChem_ML/Project_1/results/ppb/PyG_GCN_h128_e100/seed44/metrics.json
ppb,PyG_GCN_h128_e100,44,11,0.6333686898394328,0.3968222033168526,0.2263378779563063,/Users/pradyu/Documents/1_Work/2_Research/DeepChem_ML/Project_1/results/ppb/PyG_GCN_h128_e100/seed44/metrics.json
ppb,PyG_GCN_h128_e100,44,12,0.6255947057066894,0.424298973751222,0.2594712652829878,/Users/pradyu/Documents/1_Work/2_Research/DeepChem_ML/Project_1/results/ppb/PyG_GCN_h128_e100/seed44/metrics.json
ppb,PyG_GCN_h128_e100,44,13,0.6390788344348349,0.3350181765572391,0.1779592193082509,/Users/pradyu/Documents/1_Work/2_Research/DeepChem_ML/Project_1/results/ppb/PyG_GCN_h128_e100/seed44/metrics.json
ppb,PyG_GCN_h128_e100,44,14,0.6421972222444488,0.3998713434895434,0.2407765970646497,/Users/pradyu/Documents/1_Work/2_Research/DeepChem_ML/Project_1/results/ppb/PyG_GCN_h128_e100/seed44/metrics.json
ppb,PyG_GCN_h128_e100,44,15,0.628843986043116,0.3925669954678797,0.2401419016611143,/Users/pradyu/Documents/1_Work/2_Research/DeepChem_ML/Project_1/results/ppb/PyG_GCN_h128_e100/seed44/metrics.json
ppb,PyG_GCN_h128_e100,44,16,0.643443746537697,0.4519680027809832,0.2449169003401076,/Users/pradyu/Documents/1_Work/2_Research/DeepChem_ML/Project_1/results/ppb/PyG_GCN_h128_e100/seed44/metrics.json
ppb,PyG_GCN_h128_e100,44,17,0.5976683243018824,0.475617237297524,0.3035737933175461,/Users/pradyu/Documents/1_Work/2_Research/DeepChem_ML/Project_1/results/ppb/PyG_GCN_h128_e100/seed44/metrics.json
ppb,PyG_GCN_h128_e100,44,18,0.5953210221558083,0.4468491287404419,0.2920650932141478,/Users/pradyu/Documents/1_Work/2_Research/DeepChem_ML/Project_1/results/ppb/PyG_GCN_h128_e100/seed44/metrics.json
ppb,PyG_GCN_h128_e100,44,19,0.6149196381249079,0.4475950582794946,0.2112348737274386,/Users/pradyu/Documents/1_Work/2_Research/DeepChem_ML/Project_1/results/ppb/PyG_GCN_h128_e100/seed44/metrics.json
ppb,PyG_GCN_h128_e100,44,20,0.6144496464147801,0.4284445913342348,0.1958985444688961,/Users/pradyu/Documents/1_Work/2_Research/DeepChem_ML/Project_1/results/ppb/PyG_GCN_h128_e100/seed44/metrics.json
ppb,PyG_GCN_h128_e100,44,21,0.5846603461881963,0.4304626269955681,0.252539441657186,/Users/pradyu/Documents/1_Work/2_Research/DeepChem_ML/Project_1/results/ppb/PyG_GCN_h128_e100/seed44/metrics.json
ppb,PyG_GCN_h128_e100,44,22,0.5899530852713236,0.4141603291587603,0.2075273472260582,/Users/pradyu/Documents/1_Work/2_Research/DeepChem_ML/Project_1/results/ppb/PyG_GCN_h128_e100/seed44/metrics.json
ppb,PyG_GCN_h128_e100,44,23,0.5652495782549788,0.4323958943678658,0.1970743199594072,/Users/pradyu/Documents/1_Work/2_Research/DeepChem_ML/Project_1/results/ppb/PyG_GCN_h128_e100/seed44/metrics.json
ppb,PyG_GCN_h128_e100,44,24,0.5787458892275648,0.4726139408409665,0.2555831548070933,/Users/pradyu/Documents/1_Work/2_Research/DeepChem_ML/Project_1/results/ppb/PyG_GCN_h128_e100/seed44/metrics.json
ppb,PyG_GCN_h128_e100,44,25,0.5789899629790608,0.4995511170481637,0.2789857828468609,/Users/pradyu/Documents/1_Work/2_Research/DeepChem_ML/Project_1/results/ppb/PyG_GCN_h128_e100/seed44/metrics.json
ppb,PyG_GCN_h128_e100,44,26,0.5575016228164115,0.4870521236319288,0.2460272054197346,/Users/pradyu/Documents/1_Work/2_Research/DeepChem_ML/Project_1/results/ppb/PyG_GCN_h128_e100/seed44/metrics.json
ppb,PyG_GCN_h128_e100,44,27,0.5651494217355076,0.495638356766216,0.2856210218205114,/Users/pradyu/Documents/1_Work/2_Research/DeepChem_ML/Project_1/results/ppb/PyG_GCN_h128_e100/seed44/metrics.json
ppb,PyG_GCN_h128_e100,44,28,0.5593151664588509,0.4949793256457242,0.2444083310590318,/Users/pradyu/Documents/1_Work/2_Research/DeepChem_ML/Project_1/results/ppb/PyG_GCN_h128_e100/seed44/metrics.json
ppb,PyG_GCN_h128_e100,44,29,0.6163110765742092,0.4718823260587532,0.23373673975832,/Users/pradyu/Documents/1_Work/2_Research/DeepChem_ML/Project_1/results/ppb/PyG_GCN_h128_e100/seed44/metrics.json
ppb,PyG_GCN_h128_e100,44,30,0.5826124396266007,0.4990300420446572,0.3044642103825121,/Users/pradyu/Documents/1_Work/2_Research/DeepChem_ML/Project_1/results/ppb/PyG_GCN_h128_e100/seed44/metrics.json
ppb,PyG_GCN_h128_e100,44,31,0.57346733677678,0.4861216801916035,0.2941011241013296,/Users/pradyu/Documents/1_Work/2_Research/DeepChem_ML/Project_1/results/ppb/PyG_GCN_h128_e100/seed44/metrics.json
ppb,PyG_GCN_h128_e100,44,32,0.5929113241230569,0.512328305482127,0.2496699449027384,/Users/pradyu/Documents/1_Work/2_Research/DeepChem_ML/Project_1/results/ppb/PyG_GCN_h128_e100/seed44/metrics.json
ppb,PyG_GCN_h128_e100,44,33,0.5747091079630503,0.5011073249226645,0.2553858249154469,/Users/pradyu/Documents/1_Work/2_Research/DeepChem_ML/Project_1/results/ppb/PyG_GCN_h128_e100/seed44/metrics.json
ppb,PyG_GCN_h128_e100,44,34,0.5864437411471111,0.4999456917127086,0.2986634744007364,/Users/pradyu/Documents/1_Work/2_Research/DeepChem_ML/Project_1/results/ppb/PyG_GCN_h128_e100/seed44/metrics.json
ppb,PyG_GCN_h128_e100,44,35,0.5606779118136662,0.4903988518030169,0.1738440650936838,/Users/pradyu/Documents/1_Work/2_Research/DeepChem_ML/Project_1/results/ppb/PyG_GCN_h128_e100/seed44/metrics.json
ppb,PyG_GCN_h128_e100,44,36,0.5591310070055288,0.5321519873592461,0.2771594097432163,/Users/pradyu/Documents/1_Work/2_Research/DeepChem_ML/Project_1/results/ppb/PyG_GCN_h128_e100/seed44/metrics.json
ppb,PyG_GCN_h128_e100,44,37,0.5513273648372511,0.5278614714685352,0.290907739507529,/Users/pradyu/Documents/1_Work/2_Research/DeepChem_ML/Project_1/results/ppb/PyG_GCN_h128_e100/seed44/metrics.json
ppb,PyG_GCN_h128_e100,44,38,0.5465444202830152,0.5230135885768556,0.2897373272530884,/Users/pradyu/Documents/1_Work/2_Research/DeepChem_ML/Project_1/results/ppb/PyG_GCN_h128_e100/seed44/metrics.json
ppb,PyG_GCN_h128_e100,44,39,0.5592467141587559,0.5156609485502909,0.2837580376727766,/Users/pradyu/Documents/1_Work/2_Research/DeepChem_ML/Project_1/results/ppb/PyG_GCN_h128_e100/seed44/metrics.json
ppb,PyG_GCN_h128_e100,44,40,0.5362689197063446,0.4361668680758094,0.1788790942682198,/Users/pradyu/Documents/1_Work/2_Research/DeepChem_ML/Project_1/results/ppb/PyG_GCN_h128_e100/seed44/metrics.json
ppb,PyG_GCN_h128_e100,44,41,0.5408005758029658,0.4987685791799923,0.2188839585161823,/Users/pradyu/Documents/1_Work/2_Research/DeepChem_ML/Project_1/results/ppb/PyG_GCN_h128_e100/seed44/metrics.json
ppb,PyG_GCN_h128_e100,44,42,0.5500948519968405,0.5066520443591347,0.2075910747835924,/Users/pradyu/Documents/1_Work/2_Research/DeepChem_ML/Project_1/results/ppb/PyG_GCN_h128_e100/seed44/metrics.json
ppb,PyG_GCN_h128_e100,44,43,0.5342310063722657,0.5353385979241756,0.2778178538951638,/Users/pradyu/Documents/1_Work/2_Research/DeepChem_ML/Project_1/results/ppb/PyG_GCN_h128_e100/seed44/metrics.json
ppb,PyG_GCN_h128_e100,44,44,0.5548478095996671,0.5490433769616286,0.2490581986940712,/Users/pradyu/Documents/1_Work/2_Research/DeepChem_ML/Project_1/results/ppb/PyG_GCN_h128_e100/seed44/metrics.json
ppb,PyG_GCN_h128_e100,44,45,0.5297365697418771,0.5384334764032684,0.2456847470023013,/Users/pradyu/Documents/1_Work/2_Research/DeepChem_ML/Project_1/results/ppb/PyG_GCN_h128_e100/seed44/metrics.json
ppb,PyG_GCN_h128_e100,44,46,0.5072821298750435,0.5618721716877562,0.2723160989079404,/Users/pradyu/Documents/1_Work/2_Research/DeepChem_ML/Project_1/results/ppb/PyG_GCN_h128_e100/seed44/metrics.json
ppb,PyG_GCN_h128_e100,44,47,0.5281163712100285,0.5396761678384664,0.2320049284169254,/Users/pradyu/Documents/1_Work/2_Research/DeepChem_ML/Project_1/results/ppb/PyG_GCN_h128_e100/seed44/metrics.json
ppb,PyG_GCN_h128_e100,44,48,0.5277003943920135,0.541014598860948,0.2655856541880119,/Users/pradyu/Documents/1_Work/2_Research/DeepChem_ML/Project_1/results/ppb/PyG_GCN_h128_e100/seed44/metrics.json
ppb,PyG_GCN_h128_e100,44,49,0.5142556665147223,0.4824542227701632,0.1805985373517857,/Users/pradyu/Documents/1_Work/2_Research/DeepChem_ML/Project_1/results/ppb/PyG_GCN_h128_e100/seed44/metrics.json
ppb,PyG_GCN_h128_e100,44,50,0.5340173953190083,0.5422284709897469,0.255663863626801,/Users/pradyu/Documents/1_Work/2_Research/DeepChem_ML/Project_1/results/ppb/PyG_GCN_h128_e100/seed44/metrics.json
ppb,PyG_GCN_h128_e100,44,51,0.5361124062683524,0.4485428925924503,0.1508690123721735,/Users/pradyu/Documents/1_Work/2_Research/DeepChem_ML/Project_1/results/ppb/PyG_GCN_h128_e100/seed44/metrics.json
ppb,PyG_GCN_h128_e100,44,52,0.5173059643768683,0.5619007884116767,0.287118737199429,/Users/pradyu/Documents/1_Work/2_Research/DeepChem_ML/Project_1/results/ppb/PyG_GCN_h128_e100/seed44/metrics.json
ppb,PyG_GCN_h128_e100,44,53,0.5099440373298598,0.5430711391043406,0.267417168642425,/Users/pradyu/Documents/1_Work/2_Research/DeepChem_ML/Project_1/results/ppb/PyG_GCN_h128_e100/seed44/metrics.json
ppb,PyG_GCN_h128_e100,44,54,0.5175204277038574,0.5232410892378428,0.2131127882763294,/Users/pradyu/Documents/1_Work/2_Research/DeepChem_ML/Project_1/results/ppb/PyG_GCN_h128_e100/seed44/metrics.json
ppb,PyG_GCN_h128_e100,44,55,0.5310883852766781,0.5450590093317461,0.2506972655865178,/Users/pradyu/Documents/1_Work/2_Research/DeepChem_ML/Project_1/results/ppb/PyG_GCN_h128_e100/seed44/metrics.json
ppb,PyG_GCN_h128_e100,43,1,0.8952912615566719,0.052966034897837,-0.0137034455171183,/Users/pradyu/Documents/1_Work/2_Research/DeepChem_ML/Project_1/results/ppb/PyG_GCN_h128_e100/seed43/metrics.json
ppb,PyG_GCN_h128_e100,43,2,0.8107167271579184,0.2737474155592679,0.1638660939006182,/Users/pradyu/Documents/1_Work/2_Research/DeepChem_ML/Project_1/results/ppb/PyG_GCN_h128_e100/seed43/metrics.json
ppb,PyG_GCN_h128_e100,43,3,0.7742108172032891,0.294429994743135,0.1762777279198488,/Users/pradyu/Documents/1_Work/2_Research/DeepChem_ML/Project_1/results/ppb/PyG_GCN_h128_e100/seed43/metrics.json
ppb,PyG_GCN_h128_e100,43,4,0.7198846881709448,0.3300672260202858,0.2297477258486934,/Users/pradyu/Documents/1_Work/2_Research/DeepChem_ML/Project_1/results/ppb/PyG_GCN_h128_e100/seed43/metrics.json
ppb,PyG_GCN_h128_e100,43,5,0.7033646564658095,0.3483758376887494,0.2240387294611673,/Users/pradyu/Documents/1_Work/2_Research/DeepChem_ML/Project_1/results/ppb/PyG_GCN_h128_e100/seed43/metrics.json
ppb,PyG_GCN_h128_e100,43,6,0.711860534621448,0.3605346831782955,0.2360549958359363,/Users/pradyu/Documents/1_Work/2_Research/DeepChem_ML/Project_1/results/ppb/PyG_GCN_h128_e100/seed43/metrics.json
ppb,PyG_GCN_h128_e100,43,7,0.6943830338920035,0.3724830813923564,0.1492246335226023,/Users/pradyu/Documents/1_Work/2_Research/DeepChem_ML/Project_1/results/ppb/PyG_GCN_h128_e100/seed43/metrics.json
ppb,PyG_GCN_h128_e100,43,8,0.6712990730274014,0.3317319355107564,0.1640777046236491,/Users/pradyu/Documents/1_Work/2_Research/DeepChem_ML/Project_1/results/ppb/PyG_GCN_h128_e100/seed43/metrics.json
ppb,PyG_GCN_h128_e100,43,9,0.6511950994410166,0.4173883129256067,0.3248340762378224,/Users/pradyu/Documents/1_Work/2_Research/DeepChem_ML/Project_1/results/ppb/PyG_GCN_h128_e100/seed43/metrics.json
ppb,PyG_GCN_h128_e100,43,10,0.6627811956696394,0.4114518467702828,0.3024671891666175,/Users/pradyu/Documents/1_Work/2_Research/DeepChem_ML/Project_1/results/ppb/PyG_GCN_h128_e100/seed43/metrics.json
ppb,PyG_GCN_h128_e100,43,11,0.6378696771656595,0.386776319028865,0.2171746221788607,/Users/pradyu/Documents/1_Work/2_Research/DeepChem_ML/Project_1/results/ppb/PyG_GCN_h128_e100/seed43/metrics.json
ppb,PyG_GCN_h128_e100,43,12,0.6593421450475367,0.4397508843698576,0.2752010118865032,/Users/pradyu/Documents/1_Work/2_Research/DeepChem_ML/Project_1/results/ppb/PyG_GCN_h128_e100/seed43/metrics.json
ppb,PyG_GCN_h128_e100,43,13,0.6286606432461157,0.4537186225647069,0.3123949115945638,/Users/pradyu/Documents/1_Work/2_Research/DeepChem_ML/Project_1/results/ppb/PyG_GCN_h128_e100/seed43/metrics.json
ppb,PyG_GCN_h128_e100,43,14,0.6104836482100371,0.4524377299360116,0.3158542758715442,/Users/pradyu/Documents/1_Work/2_Research/DeepChem_ML/Project_1/results/ppb/PyG_GCN_h128_e100/seed43/metrics.json
ppb,PyG_GCN_h128_e100,43,15,0.6298005184749278,0.3249996039372179,0.14651407170386,/Users/pradyu/Documents/1_Work/2_Research/DeepChem_ML/Project_1/results/ppb/PyG_GCN_h128_e100/seed43/metrics.json
ppb,PyG_GCN_h128_e100,43,16,0.6023438122214341,0.3517810070834057,0.184544117620057,/Users/pradyu/Documents/1_Work/2_Research/DeepChem_ML/Project_1/results/ppb/PyG_GCN_h128_e100/seed43/metrics.json
ppb,PyG_GCN_h128_e100,43,17,0.6019278881026477,0.4256813755616564,0.2869134368054021,/Users/pradyu/Documents/1_Work/2_Research/DeepChem_ML/Project_1/results/ppb/PyG_GCN_h128_e100/seed43/metrics.json
ppb,PyG_GCN_h128_e100,43,18,0.6141028069868321,0.4148947984552701,0.2277589889691034,/Users/pradyu/Documents/1_Work/2_Research/DeepChem_ML/Project_1/results/ppb/PyG_GCN_h128_e100/seed43/metrics.json
ppb,PyG_GCN_h128_e100,43,19,0.6162909465592082,0.3537468449208638,0.1839059362261914,/Users/pradyu/Documents/1_Work/2_Research/DeepChem_ML/Project_1/results/ppb/PyG_GCN_h128_e100/seed43/metrics.json
ppb,PyG_GCN_h128_e100,43,20,0.6121568785208028,0.4599058915786964,0.2728221095331314,/Users/pradyu/Documents/1_Work/2_Research/DeepChem_ML/Project_1/results/ppb/PyG_GCN_h128_e100/seed43/metrics.json
ppb,PyG_GCN_h128_e100,43,21,0.6002884463566106,0.4883170411052046,0.2601183182813351,/Users/pradyu/Documents/1_Work/2_Research/DeepChem_ML/Project_1/results/ppb/PyG_GCN_h128_e100/seed43/metrics.json
ppb,PyG_GCN_h128_e100,43,22,0.6047493230278899,0.4789763996384762,0.2842659368048301,/Users/pradyu/Documents/1_Work/2_Research/DeepChem_ML/Project_1/results/ppb/PyG_GCN_h128_e100/seed43/metrics.json
ppb,PyG_GCN_h128_e100,43,23,0.6036532488537998,0.4775372287306364,0.2671257908315092,/Users/pradyu/Documents/1_Work/2_Research/DeepChem_ML/Project_1/results/ppb/PyG_GCN_h128_e100/seed43/metrics.json
ppb,PyG_GCN_h128_e100,43,24,0.5916867830404421,0.4528936802725083,0.236418635320153,/Users/pradyu/Documents/1_Work/2_Research/DeepChem_ML/Project_1/results/ppb/PyG_GCN_h128_e100/seed43/metrics.json
ppb,PyG_GCN_h128_e100,43,25,0.5825296796676589,0.4726835717837199,0.2239013665656856,/Users/pradyu/Documents/1_Work/2_Research/DeepChem_ML/Project_1/results/ppb/PyG_GCN_h128_e100/seed43/metrics.json
ppb,PyG_GCN_h128_e100,43,26,0.5632748592917513,0.4710935005156496,0.2712497226096551,/Users/pradyu/Documents/1_Work/2_Research/DeepChem_ML/Project_1/results/ppb/PyG_GCN_h128_e100/seed43/metrics.json
ppb,PyG_GCN_h128_e100,43,27,0.5682117364755491,0.4904844547681817,0.2466769297601598,/Users/pradyu/Documents/1_Work/2_Research/DeepChem_ML/Project_1/results/ppb/PyG_GCN_h128_e100/seed43/metrics.json
ppb,PyG_GCN_h128_e100,43,28,0.5925108703171335,0.4947267178292033,0.2452149620693019,/Users/pradyu/Documents/1_Work/2_Research/DeepChem_ML/Project_1/results/ppb/PyG_GCN_h128_e100/seed43/metrics.json
ppb,PyG_GCN_h128_e100,43,29,0.591372475391481,0.495580811235137,0.3137268455128192,/Users/pradyu/Documents/1_Work/2_Research/DeepChem_ML/Project_1/results/ppb/PyG_GCN_h128_e100/seed43/metrics.json
ppb,PyG_GCN_h128_e100,43,30,0.5936015299180659,0.4645231998134953,0.2216933254736514,/Users/pradyu/Documents/1_Work/2_Research/DeepChem_ML/Project_1/results/ppb/PyG_GCN_h128_e100/seed43/metrics.json
ppb,PyG_GCN_h128_e100,43,31,0.5964582904082972,0.5129924708156088,0.3054893971157983,/Users/pradyu/Documents/1_Work/2_Research/DeepChem_ML/Project_1/results/ppb/PyG_GCN_h128_e100/seed43/metrics.json
ppb,PyG_GCN_h128_e100,43,32,0.5701698035728641,0.5203537433748728,0.2957257272331107,/Users/pradyu/Documents/1_Work/2_Research/DeepChem_ML/Project_1/results/ppb/PyG_GCN_h128_e100/seed43/metrics.json
ppb,PyG_GCN_h128_e100,43,33,0.5592110255142537,0.4442500942600477,0.216053031592588,/Users/pradyu/Documents/1_Work/2_Research/DeepChem_ML/Project_1/results/ppb/PyG_GCN_h128_e100/seed43/metrics.json
ppb,PyG_GCN_h128_e100,43,34,0.5646960262845202,0.5101874266612426,0.3030038416393151,/Users/pradyu/Documents/1_Work/2_Research/DeepChem_ML/Project_1/results/ppb/PyG_GCN_h128_e100/seed43/metrics.json
ppb,PyG_GCN_h128_e100,42,1,0.9276794053432418,0.0424521875291292,-0.0228512387902211,/Users/pradyu/Documents/1_Work/2_Research/DeepChem_ML/Project_1/results/ppb/PyG_GCN_h128_e100/seed42/metrics.json
ppb,PyG_GCN_h128_e100,42,2,0.8104263667653246,0.2664355074036074,0.1776152382401578,/Users/pradyu/Documents/1_Work/2_Research/DeepChem_ML/Project_1/results/ppb/PyG_GCN_h128_e100/seed42/metrics.json
ppb,PyG_GCN_h128_e100,42,3,0.7557808353406626,0.329288220957353,0.1957879187561088,/Users/pradyu/Documents/1_Work/2_Research/DeepChem_ML/Project_1/results/ppb/PyG_GCN_h128_e100/seed42/metrics.json
ppb,PyG_GCN_h128_e100,42,4,0.7373242356428286,0.2923951686026939,0.1279598648397171,/Users/pradyu/Documents/1_Work/2_Research/DeepChem_ML/Project_1/results/ppb/PyG_GCN_h128_e100/seed42/metrics.json
ppb,PyG_GCN_h128_e100,42,5,0.7064022007511883,0.3726035128736525,0.2580760152444574,/Users/pradyu/Documents/1_Work/2_Research/DeepChem_ML/Project_1/results/ppb/PyG_GCN_h128_e100/seed42/metrics.json
ppb,PyG_GCN_h128_e100,42,6,0.7058842385687479,0.2548623839385682,0.1023774698246086,/Users/pradyu/Documents/1_Work/2_Research/DeepChem_ML/Project_1/results/ppb/PyG_GCN_h128_e100/seed42/metrics.json
ppb,PyG_GCN_h128_e100,42,7,0.7017903480587936,0.3602461952974198,0.2120094967899648,/Users/pradyu/Documents/1_Work/2_Research/DeepChem_ML/Project_1/results/ppb/PyG_GCN_h128_e100/seed42/metrics.json
ppb,PyG_GCN_h128_e100,42,8,0.6690574862608095,0.4067817689956571,0.2005868369935639,/Users/pradyu/Documents/1_Work/2_Research/DeepChem_ML/Project_1/results/ppb/PyG_GCN_h128_e100/seed42/metrics.json
ppb,PyG_GCN_h128_e100,42,9,0.651970500989658,0.3077300525501345,0.1616043595249001,/Users/pradyu/Documents/1_Work/2_Research/DeepChem_ML/Project_1/results/ppb/PyG_GCN_h128_e100/seed42/metrics.json
ppb,PyG_GCN_h128_e100,42,10,0.6505586730270851,0.3175844155675319,0.1246998806908836,/Users/pradyu/Documents/1_Work/2_Research/DeepChem_ML/Project_1/results/ppb/PyG_GCN_h128_e100/seed42/metrics.json
ppb,PyG_GCN_h128_e100,42,11,0.645898725201444,0.4363858675633663,0.2661405879239681,/Users/pradyu/Documents/1_Work/2_Research/DeepChem_ML/Project_1/results/ppb/PyG_GCN_h128_e100/seed42/metrics.json
ppb,PyG_GCN_h128_e100,42,12,0.6298874623891784,0.4370588131974208,0.2480767250444421,/Users/pradyu/Documents/1_Work/2_Research/DeepChem_ML/Project_1/results/ppb/PyG_GCN_h128_e100/seed42/metrics.json
ppb,PyG_GCN_h128_e100,42,13,0.644283743893228,0.432417925281046,0.2591436313510895,/Users/pradyu/Documents/1_Work/2_Research/DeepChem_ML/Project_1/results/ppb/PyG_GCN_h128_e100/seed42/metrics.json
ppb,PyG_GCN_h128_e100,42,14,0.6190452328542384,0.4493992056880156,0.2471630504421025,/Users/pradyu/Documents/1_Work/2_Research/DeepChem_ML/Project_1/results/ppb/PyG_GCN_h128_e100/seed42/metrics.json
ppb,PyG_GCN_h128_e100,42,15,0.6135284733481523,0.4554352255685733,0.2499340082388952,/Users/pradyu/Documents/1_Work/2_Research/DeepChem_ML/Project_1/results/ppb/PyG_GCN_h128_e100/seed42/metrics.json
ppb,PyG_GCN_h128_e100,42,16,0.6148966307320246,0.4594124272246412,0.256556475609088,/Users/pradyu/Documents/1_Work/2_Research/DeepChem_ML/Project_1/results/ppb/PyG_GCN_h128_e100/seed42/metrics.json
ppb,PyG_GCN_h128_e100,42,17,0.622222487155984,0.4364443690570967,0.2382452455119905,/Users/pradyu/Documents/1_Work/2_Research/DeepChem_ML/Project_1/results/ppb/PyG_GCN_h128_e100/seed42/metrics.json
ppb,PyG_GCN_h128_e100,42,18,0.5951391360381755,0.4123922438830205,0.2297421221688026,/Users/pradyu/Documents/1_Work/2_Research/DeepChem_ML/Project_1/results/ppb/PyG_GCN_h128_e100/seed42/metrics.json
ppb,PyG_GCN_h128_e100,42,19,0.6026659193562298,0.4821758098361467,0.2698456463806472,/Users/pradyu/Documents/1_Work/2_Research/DeepChem_ML/Project_1/results/ppb/PyG_GCN_h128_e100/seed42/metrics.json
ppb,PyG_GCN_h128_e100,42,20,0.6020384590800215,0.4526127832671944,0.2405631155954506,/Users/pradyu/Documents/1_Work/2_Research/DeepChem_ML/Project_1/results/ppb/PyG_GCN_h128_e100/seed42/metrics.json
ppb,PyG_GCN_h128_e100,42,21,0.5872894605485405,0.4596630018044136,0.2396220908061939,/Users/pradyu/Documents/1_Work/2_Research/DeepChem_ML/Project_1/results/ppb/PyG_GCN_h128_e100/seed42/metrics.json
ppb,PyG_GCN_h128_e100,42,22,0.5908486835840272,0.4116311015259568,0.2124576872152683,/Users/pradyu/Documents/1_Work/2_Research/DeepChem_ML/Project_1/results/ppb/PyG_GCN_h128_e100/seed42/metrics.json
ppb,PyG_GCN_h128_e100,42,23,0.5812357711355861,0.4892517916680841,0.282641174796031,/Users/pradyu/Documents/1_Work/2_Research/DeepChem_ML/Project_1/results/ppb/PyG_GCN_h128_e100/seed42/metrics.json
ppb,PyG_GCN_h128_e100,42,24,0.6028297463568245,0.4968183999007978,0.2691552979436933,/Users/pradyu/Documents/1_Work/2_Research/DeepChem_ML/Project_1/results/ppb/PyG_GCN_h128_e100/seed42/metrics.json
ppb,PyG_GCN_h128_e100,42,25,0.5851756446972126,0.4748849455832677,0.2785956604858223,/Users/pradyu/Documents/1_Work/2_Research/DeepChem_ML/Project_1/results/ppb/PyG_GCN_h128_e100/seed42/metrics.json
ppb,PyG_GCN_h128_e100,42,26,0.5797403218542657,0.4316445882065169,0.2538190047469706,/Users/pradyu/Documents/1_Work/2_Research/DeepChem_ML/Project_1/results/ppb/PyG_GCN_h128_e100/seed42/metrics.json
ppb,PyG_GCN_h128_e100,42,27,0.5634539396297641,0.503786499482265,0.2959899401789234,/Users/pradyu/Documents/1_Work/2_Research/DeepChem_ML/Project_1/results/ppb/PyG_GCN_h128_e100/seed42/metrics.json
ppb,PyG_GCN_h128_e100,42,28,0.5704095683446745,0.5119057284107421,0.3032404038307509,/Users/pradyu/Documents/1_Work/2_Research/DeepChem_ML/Project_1/results/ppb/PyG_GCN_h128_e100/seed42/metrics.json
ppb,PyG_GCN_h128_e100,42,29,0.578660224995962,0.513698536153343,0.300466380880384,/Users/pradyu/Documents/1_Work/2_Research/DeepChem_ML/Project_1/results/ppb/PyG_GCN_h128_e100/seed42/metrics.json
ppb,PyG_GCN_h128_e100,42,30,0.5676283367523333,0.5077600187693216,0.2866888465197903,/Users/pradyu/Documents/1_Work/2_Research/DeepChem_ML/Project_1/results/ppb/PyG_GCN_h128_e100/seed42/metrics.json
ppb,PyG_GCN_h128_e100,42,31,0.5804310938934001,0.5262818344509486,0.3228218419229354,/Users/pradyu/Documents/1_Work/2_Research/DeepChem_ML/Project_1/results/ppb/PyG_GCN_h128_e100/seed42/metrics.json
ppb,PyG_GCN_h128_e100,42,32,0.5432272415335585,0.5047788827774848,0.2305977931563744,/Users/pradyu/Documents/1_Work/2_Research/DeepChem_ML/Project_1/results/ppb/PyG_GCN_h128_e100/seed42/metrics.json
ppb,PyG_GCN_h128_e100,42,33,0.5452843511976847,0.4763138414529002,0.2524308008565642,/Users/pradyu/Documents/1_Work/2_Research/DeepChem_ML/Project_1/results/ppb/PyG_GCN_h128_e100/seed42/metrics.json
ppb,PyG_GCN_h128_e100,42,34,0.5565874180415782,0.5392812551661681,0.2746290672189138,/Users/pradyu/Documents/1_Work/2_Research/DeepChem_ML/Project_1/results/ppb/PyG_GCN_h128_e100/seed42/metrics.json
ppb,PyG_GCN_h128_e100,42,35,0.5604235497189731,0.4898304458674904,0.2205351679659585,/Users/pradyu/Documents/1_Work/2_Research/DeepChem_ML/Project_1/results/ppb/PyG_GCN_h128_e100/seed42/metrics.json
ppb,PyG_GCN_h128_e100,42,36,0.535263618318046,0.5369386366463554,0.2969866677887094,/Users/pradyu/Documents/1_Work/2_Research/DeepChem_ML/Project_1/results/ppb/PyG_GCN_h128_e100/seed42/metrics.json
ppb,PyG_GCN_h128_e100,42,37,0.5490940267719874,0.5329232241023169,0.3007724427478443,/Users/pradyu/Documents/1_Work/2_Research/DeepChem_ML/Project_1/results/ppb/PyG_GCN_h128_e100/seed42/metrics.json
ppb,PyG_GCN_h128_e100,42,38,0.5278090747391305,0.4793830672587194,0.2307001195131344,/Users/pradyu/Documents/1_Work/2_Research/DeepChem_ML/Project_1/results/ppb/PyG_GCN_h128_e100/seed42/metrics.json
ppb,PyG_GCN_h128_e100,42,39,0.5720276599977074,0.5433734022137396,0.264450153793005,/Users/pradyu/Documents/1_Work/2_Research/DeepChem_ML/Project_1/results/ppb/PyG_GCN_h128_e100/seed42/metrics.json
ppb,PyG_GCN_h128_e100,42,40,0.5392044382851299,0.5255103749966721,0.2796065177453468,/Users/pradyu/Documents/1_Work/2_Research/DeepChem_ML/Project_1/results/ppb/PyG_GCN_h128_e100/seed42/metrics.json
ppb,PyG_GCN_h128_e100,42,41,0.5218478423066255,0.5491081427167466,0.2897971830404333,/Users/pradyu/Documents/1_Work/2_Research/DeepChem_ML/Project_1/results/ppb/PyG_GCN_h128_e100/seed42/metrics.json
ppb,PyG_GCN_h128_e100,42,42,0.5393623775098382,0.5182531231846103,0.1702368109968688,/Users/pradyu/Documents/1_Work/2_Research/DeepChem_ML/Project_1/results/ppb/PyG_GCN_h128_e100/seed42/metrics.json
ppb,PyG_GCN_h128_e100,42,43,0.532456018212365,0.5424772747086273,0.2715045355994621,/Users/pradyu/Documents/1_Work/2_Research/DeepChem_ML/Project_1/results/ppb/PyG_GCN_h128_e100/seed42/metrics.json
ppb,PyG_GCN_h128_e100,42,44,0.5508073441139082,0.5131656206515331,0.2022510582534598,/Users/pradyu/Documents/1_Work/2_Research/DeepChem_ML/Project_1/results/ppb/PyG_GCN_h128_e100/seed42/metrics.json
ppb,PyG_GCN_h128_e100,42,45,0.5357164885939621,0.5441526875222041,0.2731054838450668,/Users/pradyu/Documents/1_Work/2_Research/DeepChem_ML/Project_1/results/ppb/PyG_GCN_h128_e100/seed42/metrics.json
ppb,PyG_GCN_h128_e100,42,46,0.5389297397398367,0.5527942104139885,0.2563866101665666,/Users/pradyu/Documents/1_Work/2_Research/DeepChem_ML/Project_1/results/ppb/PyG_GCN_h128_e100/seed42/metrics.json
ppb,PyG_GCN_h128_e100,42,47,0.5196067025748695,0.5688501668770293,0.281679189355377,/Users/pradyu/Documents/1_Work/2_Research/DeepChem_ML/Project_1/results/ppb/PyG_GCN_h128_e100/seed42/metrics.json
ppb,PyG_GCN_h128_e100,42,48,0.5287807540195745,0.5447524091949524,0.2176223768378933,/Users/pradyu/Documents/1_Work/2_Research/DeepChem_ML/Project_1/results/ppb/PyG_GCN_h128_e100/seed42/metrics.json
ppb,PyG_GCN_h128_e100,42,49,0.5324400721526727,0.5133003450167463,0.215264893095715,/Users/pradyu/Documents/1_Work/2_Research/DeepChem_ML/Project_1/results/ppb/PyG_GCN_h128_e100/seed42/metrics.json
ppb,PyG_GCN_h128_e100,42,50,0.5124554088929805,0.5653774086905705,0.3107262107441616,/Users/pradyu/Documents/1_Work/2_Research/DeepChem_ML/Project_1/results/ppb/PyG_GCN_h128_e100/seed42/metrics.json
ppb,PyG_GCN_h128_e100,42,51,0.5230250856498393,0.4959686981228502,0.218901048660954,/Users/pradyu/Documents/1_Work/2_Research/DeepChem_ML/Project_1/results/ppb/PyG_GCN_h128_e100/seed42/metrics.json
ppb,PyG_GCN_h128_e100,42,52,0.5281578367803155,0.5536832911303742,0.275987446127641,/Users/pradyu/Documents/1_Work/2_Research/DeepChem_ML/Project_1/results/ppb/PyG_GCN_h128_e100/seed42/metrics.json
ppb,PyG_GCN_h128_e100,42,53,0.5208566414146889,0.5439116046697186,0.2426700721205059,/Users/pradyu/Documents/1_Work/2_Research/DeepChem_ML/Project_1/results/ppb/PyG_GCN_h128_e100/seed42/metrics.json
ppb,PyG_GCN_h128_e100,42,54,0.5035965886057877,0.5333459591001839,0.2744257567008989,/Users/pradyu/Documents/1_Work/2_Research/DeepChem_ML/Project_1/results/ppb/PyG_GCN_h128_e100/seed42/metrics.json
ppb,PyG_GCN_h128_e100,42,55,0.5429492018571714,0.5708736804107941,0.3042176933876737,/Users/pradyu/Documents/1_Work/2_Research/DeepChem_ML/Project_1/results/ppb/PyG_GCN_h128_e100/seed42/metrics.json
ppb,PyG_GCN_h128_e100,42,56,0.4992238861031648,0.5701509094500348,0.2670462820526956,/Users/pradyu/Documents/1_Work/2_Research/DeepChem_ML/Project_1/results/ppb/PyG_GCN_h128_e100/seed42/metrics.json
